3,1,151,48.8,0,4.69,0,1.016670046,-21.79633562,220,5,1.1,0.9
4,1,171.41,23.4,0,2.1,0,1.026036259,-6.940482238,220,5,1.1,0.9
10,1,134,24.7,0,12.44,0,1.037399337,-24.31709033,220,5,1.1,0.9
21,1,161.2,39.3,0,30.71,0,1.035225309,-21.98245052,220,5,1.1,0.9
22,1,0,0,0,0.85,0,1.033611637,-18.52791666,220,5,1.1,0.9
26,1,167.3,54.8,0,110.54,0,1.032257748,-3.291429785,380,5,1.1,0.9
29,1,152.9,49.4,0,27.65,0,0.993330899,-13.71515539,380,5,1.1,0.9
44,1,0,0,0,7.27,0,1.04475585,-22.21157868,220,5,1.1,0.9
53,1,48.65,16.1,0,7.14,0,1.063428636,-9.123171014,220,5,1.1,0.9
58,1,0,0,0,2.31,0,0.9862425424,-15.64412566,380,5,1.1,0.9
59,1,119.2,20.7,0,3.31,0,1.021645851,-23.95395753,220,5,1.1,0.9
90,1,363.25,115.39,0,3.95,0,1.040422129,-27.79153932,220,5,1.1,0.9
96,1,-8.4,28.66,0,3.49,0,1.029633809,-15.61402272,220,5,1.1,0.9
113,1,0,0,0,6.532711,0,1.030539515,-14.30657796,380,5,1.1,0.9
115,1,0,0,0,4.21,0,1.066543327,-19.77003892,220,5,1.1,0.9
118,1,704.53,-35.33,0,13.102834,0,1.020242985,-11.38101589,380,5,1.1,0.9
124,2,0,0,0,0,0,1.081537,8.387367366,220,5,1.1,0.9
128,1,23.73,12.7,0,0.52,0,1.020066245,-16.12777948,220,5,1.1,0.9
145,1,38.34,5.6,0,7.64,0,1.039095467,-8.878881626,220,5,1.1,0.9
148,1,32.34,12,0,6.1,0,1.041568267,-7.943544636,220,5,1.1,0.9
150,2,0,0,0,0,0,1.062805,2.579305237,220,5,1.1,0.9
163,1,147.76,32.73,0,8.34,0,1.042145089,-10.68361555,220,5,1.1,0.9
171,1,100.8,13.2,0,5.24,0,1.069517513,-25.31307687,220,5,1.1,0.9
174,1,370.5,-17,0,9.91,0,1.074434362,-27.96483053,220,5,1.1,0.9
184,1,0,0,0,2.42,0,1.042439062,-12.13309269,220,5,1.1,0.9
188,1,36.84,13.9,0,3.3,0,1.017830852,-19.61519346,220,5,1.1,0.9
195,1,73.14,21.55,0,8.52,0,1.056335688,-8.572066065,220,5,1.1,0.9
196,1,0,0,0,12.48,0,1.073416027,-26.3564862,220,5,1.1,0.9
198,1,39.74,11.8,0,1.44,0,1.016174839,-16.37044612,220,5,1.1,0.9
207,1,321.98,84.4,0,1.34,0,1.026428539,-13.7031171,220,5,1.1,0.9
216,1,155.6,54.7,0,2.21,0,1.039341374,-24.62424777,220,5,1.1,0.9
217,1,105.2,0.1,0,7.36,0,1.042732196,-2.641767077,220,5,1.1,0.9
218,1,69.83,15.12,0,2.23,0,1.045410341,-13.14043214,220,5,1.1,0.9
221,2,0,0,0,0,0,0.984682,-16.27914816,380,5,1.1,0.9
225,1,0,0,0,1.15,0,1.063505153,-20.16079296,220,5,1.1,0.9
280,1,119.6,29.6,0,5.34,0,1.034465733,-11.23822914,220,5,1.1,0.9
283,1,27.33,11.9,0,1.17,0,1.03520469,-12.39197653,220,5,1.1,0.9
292,1,13.82,1.4,0,0.7,0,1.042946742,-14.79339306,220,5,1.1,0.9
305,1,103,12,0,0.63,0,1.066885791,-32.70130293,220,5,1.1,0.9
306,1,0,0,0,4.76,0,1.028599448,-18.83993045,220,5,1.1,0.9
314,1,163.1,46.3,0,10.6,0,1.003984478,-16.07896117,220,5,1.1,0.9
333,1,524.5,43,0,6.85,0,1.012613778,-42.32925499,220,5,1.1,0.9
338,2,0,0,0,0,0,1.048249,-6.104854214,220,5,1.1,0.9
346,1,197.5,48.3,0,0.71,0,1.040410934,-21.33009854,220,5,1.1,0.9
350,1,110.4,26.2,0,5.62,0,1.042849254,-24.32091463,220,5,1.1,0.9
352,2,0,0,0,0,0,1.055378,0.2823153127,380,5,1.1,0.9
367,1,65.17,-51.5,0,4.85,0,1.070286911,-23.62923928,220,5,1.1,0.9
401,1,56.5,36.29,0,3.08,0,1.026547231,-14.40488241,220,5,1.1,0.9
408,1,129.1,7.4,0,0.04,0,1.039790356,-11.91358079,220,5,1.1,0.9
410,1,170.89,50.38,0,6.44,0,1.025543312,-26.82001109,220,5,1.1,0.9
413,2,0,0,0,0,0,1.05013,-6.594230236,220,5,1.1,0.9
416,1,70.68,13.5,0,6.96,0,1.045779668,-6.750829189,220,5,1.1,0.9
426,1,123.1,6.5,0,3.25,0,1.040181145,-18.48869295,220,5,1.1,0.9
432,1,0,0,0,68.517663,0,1.046925322,2.456149746,380,5,1.1,0.9
444,1,0,0,0,2.45,0,1.036105244,-12.44413933,220,5,1.1,0.9
449,1,0,0,0,29.42,0,1.021678473,-8.477715628,380,5,1.1,0.9
453,2,0,0,0,0,0,1.018914,-7.788836054,380,5,1.1,0.9
455,1,274.32,5.66,0,13.24,0,1.041860082,-31.02971042,220,5,1.1,0.9
490,1,20.52,4,0,2.77,0,1.036451569,-23.03838196,220,5,1.1,0.9
500,1,144.4,35.5,0,7.66,0,1.040415171,-15.06677847,220,5,1.1,0.9
502,1,0,0,0,1.96,0,1.043564353,-6.62873759,220,5,1.1,0.9
506,1,0,0,0,0.4,0,1.063222934,-9.237930806,380,5,1.1,0.9
513,1,57.46,17.1,0,1.61,0,1.038411408,-7.393413044,220,5,1.1,0.9
516,2,0,0,0,0,0,1.075592,-33.49191024,220,5,1.1,0.9
520,1,118.5,20.4,0,2.57,0,1.047443961,-27.39640561,220,5,1.1,0.9
549,1,0,0,0,5.15,0,1.075280952,-10.57527649,220,5,1.1,0.9
554,1,0,0,0,1.97,0,1.022600562,-20.84417185,220,5,1.1,0.9
556,1,16.52,9,0,1.17,0,1.036871685,-22.78631013,220,5,1.1,0.9
561,1,0,0,0,0.32,0,1.055448866,-11.12843296,220,5,1.1,0.9
564,2,0,0,0,0,0,1.069817,-47.29831925,220,5,1.1,0.9
575,1,0,0,0,0.67,0,1.044216847,-11.43489053,220,5,1.1,0.9
583,2,0,0,0,0,0,1.045397,-15.59489141,220,5,1.1,0.9
594,1,67.57,17,0,5.75,0,1.036636336,-8.856956164,220,5,1.1,0.9
601,1,140.6,42.6,0,5.71,0,1.039322841,-14.46989334,220,5,1.1,0.9
604,1,33.24,4.4,0,24.54,0,0.9967221228,-12.95818019,380,5,1.1,0.9
608,1,150.9,10.4,0,4.77,0,1.071756179,-32.86464664,220,5,1.1,0.9
609,1,0,0,0,5.67,0,1.025327702,-14.80310976,220,5,1.1,0.9
615,2,0,0,0,0,0,1.063876,-10.77503685,220,5,1.1,0.9
616,2,0,0,0,0,0,1.048713,-13.058714,220,5,1.1,0.9
619,1,72.88,14.4,0,2.96,0,1.045424621,-25.3149242,220,5,1.1,0.9
639,2,0,0,0,0,0,1.051376,-30.31068525,220,5,1.1,0.9
641,1,45.32,18.5,0,0.74,0,1.035150154,-13.87273215,220,5,1.1,0.9
658,1,258.4,66.7,0,5.87,0,1.033704292,-17.57015232,220,5,1.1,0.9
661,1,0,0,0,0.6,0,1.040006317,2.372934008,380,5,1.1,0.9
666,1,-5.61,-2.79,0,150.93,0,1.030189888,-5.430146933,380,5,1.1,0.9
678,1,232.1,89.8,0,0.09,0,0.9863753976,-18.33463827,220,5,1.1,0.9
682,2,0,0,0,0,0,1.0691,-9.786078249,220,5,1.1,0.9
687,1,0,0,0,5.6,0,1.057658904,-3.625931386,220,5,1.1,0.9
707,1,83.99,21.2,0,5.36,0,1.054277308,-25.76883341,220,5,1.1,0.9
718,1,135.11,41,0,5.31,0,1.030044955,-25.16604775,220,5,1.1,0.9
720,1,0,0,0,23.554121,0,0.981555478,-27.12786203,380,5,1.1,0.9
726,1,400.3,189.9,0,0.53,0,1.048309865,-4.490371563,220,5,1.1,0.9
742,1,0,0,0,2.83,0,1.057828614,-3.627439596,220,5,1.1,0.9
747,1,69.58,16,0,3.03,0,1.072512433,-26.41734863,220,5,1.1,0.9
749,2,0,0,0,0,0,1.057884,-29.20206555,220,5,1.1,0.9
750,1,0,0,0,18.63,0,1.041120794,-24.47849275,220,5,1.1,0.9
757,1,0,0,0,0,0,1.015636095,-13.8076249,380,5,1.1,0.9
766,1,0,0,0,7.85,0,1.049154057,-20.80437709,220,5,1.1,0.9
769,1,152.57,40,0,6.12,0,1.023383839,-10.67610575,220,5,1.1,0.9
772,1,343.9,141.9,0,5.55,0,1.034338559,-14.19124205,220,5,1.1,0.9
776,2,0,0,0,0,0,1.026368,-13.32947657,220,5,1.1,0.9
778,2,0,0,0,0,0,1.049411,-6.623268469,220,5,1.1,0.9
789,1,0,0,0,6.63,0,1.051680991,-5.975335323,220,5,1.1,0.9
795,2,0,0,0,0,0,1.035522,-15.41492023,220,5,1.1,0.9
800,1,50.56,18,0,0.11,0,1.034778629,-12.42593182,220,5,1.1,0.9
803,2,0,0,0,0,0,1.041369,-25.05995469,220,5,1.1,0.9
804,1,0,0,0,7.26,0,1.055813967,-7.550319569,220,5,1.1,0.9
805,1,124.5,29.6,0,15.4,0,1.056177811,-11.15193819,220,5,1.1,0.9
809,1,0,0,0,58.088687,0,1.02741893,0.1024687376,380,5,1.1,0.9
819,1,0,0,0,0.22,0,1.052168546,-0.6852691147,220,5,1.1,0.9
823,2,0,0,0,0,0,1.044097,-2.199365295,380,5,1.1,0.9
839,1,0,0,0,8.17514,0,1.023926679,-1.208391351,380,5,1.1,0.9
851,2,0,0,0,0,0,1.00025,-17.11156414,220,5,1.1,0.9
858,2,0,0,0,0,0,1.031745,1.28279214,380,5,1.1,0.9
870,1,110,3.4,0,11.95,0,1.040741229,-24.6357525,220,5,1.1,0.9
871,1,108.89,-21.76,0,3.72,0,1.056735839,-12.01366711,220,5,1.1,0.9
883,1,192.5,78.3,0,6.65,0,1.017173364,-10.10665803,220,5,1.1,0.9
891,2,0,0,0,0,0,1.064525,-19.05446874,380,5,1.1,0.9
892,1,0,0,0,9.1,0,1.069165957,-35.03598317,220,5,1.1,0.9
900,1,0,0,0,0.15,0,1.050013671,-15.49884089,220,5,1.1,0.9
903,1,82.69,20.1,0,1.36,0,1.072474425,-26.44256254,220,5,1.1,0.9
905,1,631.71,-54.16,0,7.534129,0,1.035639646,-15.10185661,380,5,1.1,0.9
907,1,0,0,0,0.05,0,1.038554701,-9.742706473,220,5,1.1,0.9
908,1,125.9,-0.5,0,0.21,0,1.065214406,-8.014122798,220,5,1.1,0.9
920,1,34.44,8.5,0,1.11,0,1.045255257,-20.80132182,220,5,1.1,0.9
923,1,62.07,14.7,0,4.84,0,1.035574831,-23.11402088,220,5,1.1,0.9
933,1,0,0,0,22.75,0,1.019660956,-21.55900205,220,5,1.1,0.9
935,1,0,0,0,9.46,0,1.047877216,-24.53106669,220,5,1.1,0.9
953,1,108.7,-12.15,0,37.11,0,1.065895089,-12.97604423,380,5,1.1,0.9
954,1,66.27,13.6,0,0.67,0,1.044024296,-21.57690186,220,5,1.1,0.9
960,1,0,0,0,108.728602,0,1.063221616,-9.237926223,380,5,1.1,0.9
964,1,88.5,16.5,0,146.44,0,1.014698688,-11.69951773,380,5,1.1,0.9
972,2,0,0,0,0,0,1.072621,5.338922587,380,5,1.3,0.7
980,1,14.71,4.6,0,7.88,0,1.045847854,-25.20086108,220,5,1.1,0.9
1001,1,0,0,0,0,0,1.074112665,-33.66024153,220,5,1.1,0.9
1002,2,0,0,0,0,0,1.041506,-20.11962632,220,5,1.1,0.9
1005,1,0,0,0,0.81,0,1.053955321,-12.52287569,220,5,1.1,0.9
1015,1,44.55,0,0,4.78,0,1.05627646,-5.419697756,220,5,1.1,0.9
1026,1,201.4,53,0,9.67,0,1.026963321,-29.60993258,220,5,1.1,0.9
1027,1,-5.91,-2.33,0,30.393595,0,0.9895484556,-18.20078927,380,5,1.1,0.9
1033,1,26.33,5.3,0,4.31,0,1.040913708,-24.5556036,220,5,1.1,0.9
1035,1,382.5,57.9,0,8.16,0,1.067512682,-32.58908263,220,5,1.1,0.9
1039,1,34.64,0,0,0.91,0,1.034433435,-19.57206311,220,5,1.1,0.9
1040,1,31.94,8.8,0,3.79,0,1.038913141,-9.002737964,220,5,1.1,0.9
1043,2,0,0,0,0,0,1.028946,-3.66444938,380,5,1.1,0.9
1051,1,0,0,0,3.79,0,1.041627337,-12.97186455,220,5,1.1,0.9
1077,1,0,0,0,0.1,0,1.035206243,-12.39199773,220,5,1.1,0.9
1078,1,0,0,0,4.74,0,1.06150956,-3.493090336,220,5,1.1,0.9
1081,1,277.86,58.95,0,182.880644,0,1.038339283,-10.57650004,380,5,1.1,0.9
1083,2,0,0,0,0,0,1.049472,-8.636878359,220,5,1.1,0.9
1090,1,56.06,18.7,0,4.24,0,1.008624913,-21.71703763,220,5,1.1,0.9
1093,2,0,0,0,0,0,1.027056,-8.55067974,380,5,1.1,0.9
1096,1,0,0,0,0.16,0,1.050188863,-1.081345246,220,5,1.1,0.9
1100,2,0,0,0,0,0,1.042801,-4.316930458,220,5,1.1,0.9
1101,1,0,0,0,2.05,0,1.033508778,-14.23283847,220,5,1.1,0.9
1102,2,0,0,0,0,0,1.049879,-6.629717986,220,5,1.1,0.9
1105,1,29.83,7.3,0,6.49,0,1.073349996,-26.36257455,220,5,1.1,0.9
1111,1,0,0,0,1.1,0,1.036776611,-8.858866721,220,5,1.1,0.9
1129,1,190.47,55.03,0,6.7,0,1.001838662,-22.55989755,220,5,1.1,0.9
1136,1,16.22,2,0,0.71,0,1.033339752,-18.58374989,220,5,1.1,0.9
1137,1,0,0,0,0.05,0,1.047359653,-24.48886301,220,5,1.1,0.9
1146,1,32.84,0,0,1.41,0,1.032525606,-5.65080324,220,5,1.1,0.9
1151,1,0,0,0,18.82,0,1.043101751,-20.63934273,220,5,1.1,0.9
1153,1,12.41,3.9,0,2.23,0,1.034449385,-5.727454417,220,5,1.1,0.9
1156,1,65.67,24,0,9.95,0,1.037869978,-22.52439216,220,5,1.1,0.9
1159,1,112.4,13,0,3.99,0,1.052111769,-36.23685431,220,5,1.1,0.9
1172,1,0,0,0,2.3,0,1.073073773,-25.59199512,220,5,1.1,0.9
1179,1,86.6,23.4,0,0.39,0,1.040865709,-2.840726534,220,5,1.1,0.9
1183,1,199.4,-19.9,0,6.68,0,1.065937471,-32.99034649,220,5,1.1,0.9
1187,1,67.57,21.2,0,5.71,0,1.03973985,-4.977911501,220,5,1.1,0.9
1188,1,30.93,6.6,0,9.09,0,1.054338185,-14.35184293,220,5,1.1,0.9
1194,1,129.6,13.3,0,13.98,0,1.038774889,-15.19290406,380,5,1.1,0.9
1198,1,0,0,0,30.637696,0,0.9850860907,-14.55805042,380,5,1.1,0.9
1201,1,114.1,23.5,0,1.08,0,1.033997041,-19.83236782,220,5,1.1,0.9
1216,1,0,0,0,4.93,0,1.039656513,-10.83552616,220,5,1.1,0.9
1233,1,0,0,0,1.72,0,1.037797917,-22.54925014,220,5,1.1,0.9
1234,1,71.78,17.9,0,1.96,0,1.015148941,-16.57073579,220,5,1.1,0.9
1237,2,0,0,0,0,0,1.108028,-6.244577631,380,5,1.3,0.7
1248,1,0,0,0,1.17,0,1.042302281,-10.68515762,220,5,1.1,0.9
1249,1,348.93,26.47,0,9.36,0,1.016793275,-11.25060215,380,5,1.1,0.9
1251,2,0,0,0,0,0,1.027102,-8.560223558,380,5,1.1,0.9
1262,1,0,0,0,10.73,0,1.038399201,-22.05656723,220,5,1.1,0.9
1265,1,173,-21.3,0,5.93,0,1.066428054,-50.16972593,220,5,1.1,0.9
1275,1,52.46,2.9,0,0.35,0,1.029582987,-18.90027546,220,5,1.1,0.9
1295,2,0,0,0,0,0,1.03682,-8.585810514,220,5,1.1,0.9
1301,1,479,99.2,0,10.68,0,1.051139309,-28.74976511,220,5,1.1,0.9
1305,1,0,0,0,4.34,0,1.036430905,-22.58726335,220,5,1.1,0.9
1311,1,37.94,15.2,0,35.31,0,1.033707013,-21.6884781,380,5,1.1,0.9
1326,1,0,0,0,0.98,0,1.069315612,-35.03697772,220,5,1.1,0.9
1334,1,0,0,0,0.59,0,1.017363441,-16.35588336,220,5,1.1,0.9
1341,2,0,0,0,0,0,1.032899,-14.22868863,220,5,1.1,0.9
1343,1,0,0,0,58.3,0,0.9916525014,-14.1301419,380,5,1.1,0.9
1354,2,0,0,0,0,0,1.041045,-7.327341712,220,5,1.1,0.9
1355,1,-3.29,-1.32,0,190.704588,0,1.032458084,-8.590153627,380,5,1.1,0.9
1364,1,40.85,14.5,0,0.59,0,1.034961858,-12.11123367,220,5,1.1,0.9
1380,1,145.2,21.4,0,1.09,0,1.017302313,-22.87087607,220,5,1.1,0.9
1394,1,30.93,7.6,0,4.69,0,1.073250653,-26.35086594,220,5,1.1,0.9
1397,1,0,0,0,2.14,0,1.037923537,-12.96373332,220,5,1.1,0.9
1398,1,196.7,44.2,0,0.1,0,1.011066252,-19.08160747,220,5,1.1,0.9
1401,1,11.91,2.9,0,5.27,0,1.032958984,-14.78335728,220,5,1.1,0.9
1414,1,144.7,20.3,0,6.35,0,1.022682328,-27.92383183,220,5,1.1,0.9
1415,1,0,0,0,0.3,0,1.031857424,-11.55198875,220,5,1.1,0.9
1422,2,0,0,0,0,0,1.04353,-21.15200861,220,5,1.1,0.9
1435,1,0,0,0,3.85,0,1.044422326,-24.35341639,220,5,1.1,0.9
1436,2,0,0,0,0,0,1.047684,-13.06038415,220,5,1.1,0.9
1448,1,0,0,0,9.49,0,1.074795005,-15.31002886,220,5,1.1,0.9
1459,1,0,0,0,3.38,0,1.042632913,-21.86900492,220,5,1.1,0.9
1462,1,0,0,0,0.42,0,1.043551652,-21.15251879,220,5,1.1,0.9
1465,1,-11.03,-5.11,0,29.706803,0,0.9874784409,-15.35189407,380,5,1.1,0.9
1478,2,0,0,0,0,0,1.048068,-15.85529955,220,5,1.1,0.9
1483,1,0,0,0,4.86,0,1.065520187,-25.83867739,220,5,1.1,0.9
1486,1,79.59,18.8,0,6.78,0,1.034846426,-23.36584522,220,5,1.1,0.9
1494,1,-1.85,-1.63,0,31.424588,0,1.034154797,-11.54658744,380,5,1.1,0.9
1502,1,0,0,0,37.116157,0,1.027364425,-26.72319454,380,5,1.1,0.9
1504,1,0,0,0,1.84,0,1.025191184,-14.3837689,220,5,1.1,0.9
1526,1,-10.86,-5.93,0,12.54,0,1.042421656,-12.13248259,220,5,1.1,0.9
1538,1,36.34,15.2,0,0.3,0,1.035107878,-9.9871877,220,5,1.1,0.9
1539,1,73.58,3.24,0,52.35,0,1.059012568,-15.4091572,220,5,1.1,0.9
1541,1,125.4,45.8,0,0,0,1.039282019,-18.00968201,220,5,1.1,0.9
1545,1,42.55,8.2,0,2.06,0,1.041101062,-23.50636003,220,5,1.1,0.9
1547,1,0,0,0,1.02,0,1.040473128,-15.06732201,220,5,1.1,0.9
1551,1,0,0,0,7.99,0,1.042202695,-20.4395817,220,5,1.1,0.9
1552,1,20.42,8.1,0,35.15,0,1.042300421,-16.68897896,380,5,1.1,0.9
1554,1,0,0,0,4.96,0,1.020312736,-16.10782127,220,5,1.1,0.9
1556,1,0,0,0,0.95,0,1.061631682,-11.55828582,220,5,1.1,0.9
1562,1,77.39,24.1,0,2.67,0,1.040911488,-25.9187518,220,5,1.1,0.9
1566,1,156.9,-4,0,2.48,0,1.035128534,-24.79262784,220,5,1.1,0.9
1568,1,69.08,21.5,0,1.65,0,1.045541453,-25.2171716,220,5,1.1,0.9
1578,1,0,0,0,1.38,0,1.040265716,-12.29156679,220,5,1.1,0.9
1584,1,0,0,0,3.24,0,1.026870432,-14.3827201,220,5,1.1,0.9
1592,1,28.33,44.8,0,0.51,0,1.037410381,-1.898226963,220,5,1.1,0.9
1595,1,71.77,13.57,0,3.84,0,1.015839179,-29.31179736,220,5,1.1,0.9
1604,2,0,0,0,0,0,1.043862,-6.593434096,220,5,1.1,0.9
1605,1,0,0,0,0.05,0,1.076634144,-24.40195975,220,5,1.1,0.9
1607,1,73.78,0,0,2.69,0,1.030100287,-5.530471805,380,5,1.1,0.9
1609,1,0,0,0,6.55,0,1.049861822,-20.72692294,220,5,1.1,0.9
1625,1,73.18,22.3,0,8.77,0,1.049029696,-20.80271273,220,5,1.1,0.9
1629,1,41.95,8.5,0,1.05,0,1.043530245,-11.17236094,220,5,1.1,0.9
1642,1,0,0,0,0,0,1.028251763,0.6016633363,380,5,1.1,0.9
1643,1,95.71,25.9,0,11.38,0,1.040951387,-25.95228671,220,5,1.1,0.9
1644,1,449.56,245.72,0,94.55,0,1.054203966,3.417345343,380,5,1.1,0.9
1662,1,3.67,-1.86,0,3.89,0,1.045946173,-20.83335474,220,5,1.1,0.9
1672,1,-28.13,-0.83,0,0.1,0,1.061622545,-11.57131438,220,5,1.1,0.9
1680,2,0,0,0,0,0,1.04395,-2.195133764,380,5,1.1,0.9
1692,1,83.19,25.8,0,0.33,0,1.047002212,-10.67181313,220,5,1.1,0.9
1704,1,62.16,8,0,2.99,0,1.038923497,-13.16178445,220,5,1.1,0.9
1708,2,0,0,0,0,0,1.037938,-13.25018815,380,5,1.1,0.9
1709,1,-15.38,-4.94,0,33.241519,0,0.9994771593,-14.75337116,380,5,1.1,0.9
1711,1,25.13,-61.6,0,3.68,0,1.052602993,-30.0908968,220,5,1.1,0.9
1721,2,0,0,0,0,0,1.062238,2.514237572,220,5,1.1,0.9
1730,1,-17.18,-4.35,0,44.419365,0,1.025603623,-14.48814731,380,5,1.1,0.9
1742,1,0,0,0,6.68,0,1.028798899,-32.14655196,220,5,1.1,0.9
1746,1,0,0,0,1.86,0,1.048051575,-24.14918301,220,5,1.1,0.9
1750,1,58.46,6.6,0,10.13,0,1.03643094,-19.216346,220,5,1.1,0.9
1754,1,0,0,0,0,0,1.037157268,-17.39474339,380,5,1.1,0.9
1758,1,0,0,0,121.29,0,1.034398574,-4.405388407,380,5,1.1,0.9
1763,1,0,0,0,0.28,0,1.034588317,-30.85656335,380,5,1.1,0.9
1767,1,333.5,-1.4,0,8.37,0,1.049358573,-45.63748491,220,5,1.1,0.9
1768,1,73.98,22.5,0,1.15,0,1.038004289,-11.15320243,220,5,1.1,0.9
1775,1,0,0,0,1.64,0,1.050802256,-26.23940286,220,5,1.1,0.9
1794,2,0,0,0,0,0,1.05295,-0.2175725368,380,5,1.1,0.9
1798,1,-0.63,-0.83,0,22.810288,0,0.9861893944,-7.455841232,380,5,1.1,0.9
1803,1,0,0,0,0.05,0,1.038674556,-22.05860191,220,5,1.1,0.9
1808,2,0,0,0,0,0,1.046224,-0.7932283371,220,5,1.1,0.9
1813,1,88.92,19.79,0,2.81,0,1.028773808,-7.460717446,220,5,1.1,0.9
1817,1,108.91,33.7,0,56.24,0,1.069472573,-12.52818711,380,5,1.1,0.9
1833,1,0,0,0,3.33,0,1.035864185,-22.50418701,220,5,1.1,0.9
1838,1,0,0,0,3.02,0,1.036834635,-22.18601862,220,5,1.1,0.9
1844,1,-28.14,-0.76,0,0.1,0,1.06164078,-11.57076051,220,5,1.1,0.9
1851,2,0,0,0,0,0,1.04762,-13.06989716,220,5,1.1,0.9
1852,2,0,0,0,0,0,1.054325,-25.94799715,220,5,1.1,0.9
1857,1,0,0,0,1.53,0,1.02860844,-11.01518835,220,5,1.1,0.9
1860,1,88.8,-3.2,0,13.63,0,1.059128561,-25.77111683,220,5,1.1,0.9
1866,1,209.2,23.5,0,6.44,0,1.044152695,-28.29847986,220,5,1.1,0.9
1868,1,11.71,3.8,0,2.96,0,1.034354427,-15.80402291,220,5,1.1,0.9
1876,1,0,0,0,6.273568,0,1.030618319,-14.30591778,380,5,1.1,0.9
1883,1,27.33,5,0,6.77,0,1.021396758,-16.46391423,220,5,1.1,0.9
1888,2,0,0,0,0,0,1.039377,-1.8623288,220,5,1.1,0.9
1895,1,20.82,0,0,0.14,0,1.070293444,7.644865128,220,5,1.1,0.9
1896,1,0,0,0,1.18,0,1.020906506,-5.952463066,380,5,1.1,0.9
1910,1,0,0,0,2.68,0,1.049243089,-6.637699125,220,5,1.1,0.9
1914,2,0,0,0,0,0,1.035636,-20.90550061,220,5,1.1,0.9
1917,1,197.5,-31,0,17.34,0,1.04917843,-25.19539952,220,5,1.1,0.9
1923,1,192.11,45.5,0,68.04,0,1.001367388,-11.64230025,380,5,1.1,0.9
1940,1,0,0,0,1.19,0,1.035537444,-18.11073726,220,5,1.1,0.9
1959,2,0,0,0,0,0,1.064692,-10.67883378,220,5,1.1,0.9
1965,1,248.7,8.1,0,12.46,0,1.066291927,-49.82442724,220,5,1.1,0.9
1973,1,210.1,66.2,0,59.36,0,1.073332843,-26.33679829,220,5,1.1,0.9
1979,1,0,0,0,0.14,0,1.074114094,-33.66024635,220,5,1.1,0.9
1980,1,177.3,36.4,0,0.7,0,1.040699856,-21.45350139,220,5,1.1,0.9
1998,1,25.73,7.3,0,2.82,0,1.033146254,-20.16664114,220,5,1.1,0.9
2012,1,41.45,4.9,0,18.43,0,1.038359611,-18.70070575,220,5,1.1,0.9
2019,1,72.08,21.3,0,7.19,0,1.044245659,-21.11047668,220,5,1.1,0.9
2020,1,0,0,0,9.98,0,1.049768747,-24.15655396,220,5,1.1,0.9
2021,1,3.9,1,0,3.81,0,1.048789678,-25.02770437,220,5,1.1,0.9
2035,2,0,0,0,0,0,1.03088,0.8605172149,380,5,1.1,0.9
2042,1,14.02,6.5,0,0.09,0,1.038611641,-5.086202617,220,5,1.1,0.9
2043,1,3.2,1.7,0,0.05,0,1.043516228,-21.15298229,220,5,1.1,0.9
2044,1,0,0,0,0.14,0,1.03213894,-12.46944817,220,5,1.1,0.9
2050,2,0,0,0,0,0,1.009914,-1.103435205,380,5,1.1,0.9
2056,1,0,0,0,7.338808,0,1.038222494,-9.208964295,380,5,1.1,0.9
2057,1,120.2,20.5,0,19.94,0,1.049651753,-31.09287184,220,5,1.1,0.9
2072,1,101.2,2.1,0,38.43,0,1.064919756,-17.57492246,380,5,1.1,0.9
2078,1,77.19,18.6,0,2.22,0,1.020674841,-14.75705773,220,5,1.1,0.9
2079,1,0,0,0,13.94,0,1.050240024,-12.1514952,220,5,1.1,0.9
2083,1,121.4,20.2,0,16.61,0,1.033553731,-18.52749293,220,5,1.1,0.9
2085,2,0,0,0,0,0,1.040351,2.425341666,380,5,1.1,0.9
2088,1,0,0,0,6.02,0,1.051667197,-12.07724473,220,5,1.1,0.9
2089,1,199.86,56.93,0,46.83,0,1.041796516,-25.83457062,220,5,1.1,0.9
2093,1,-5.64,-2.84,0,34.582195,0,1.016189504,-8.106189124,380,5,1.1,0.9
2101,1,0,0,0,38.32,0,1.02940551,-5.517110699,380,5,1.1,0.9
2128,1,79.09,18.7,0,10.8,0,1.035961324,-23.08667743,220,5,1.1,0.9
2129,1,0,0,0,56.686515,0,1.016424608,-8.173814241,380,5,1.1,0.9
2132,1,107.3,14.2,0,20.23,0,1.030374135,-15.80160801,220,5,1.1,0.9
2142,1,0,0,0,7.63,0,1.050363838,-7.886292613,220,5,1.1,0.9
2155,1,63.67,20.2,0,6.13,0,1.03872084,-5.076345569,220,5,1.1,0.9
2161,1,35.66,-9.39,0,7.89,0,1.047918013,-28.80271752,220,5,1.1,0.9
2166,1,20.92,7.7,0,1.21,0,1.052886873,-14.69874235,220,5,1.1,0.9
2174,1,0,0,0,61.795782,0,1.010515431,-13.23786805,380,5,1.1,0.9
2177,2,0,0,0,0,0,1.07333,-28.64842158,220,5,1.1,0.9
2183,1,0,0,0,32.849821,0,0.9952402953,-16.20526505,380,5,1.1,0.9
2189,1,0,0,0,0.18,0,1.047760888,-6.224663341,220,5,1.1,0.9
2197,1,0,0,0,0,0,1.03415999,-6.018900599,380,5,1.1,0.9
2208,1,74.98,26.9,0,2.96,0,1.05063335,-13.50392111,220,5,1.1,0.9
2229,1,0,0,0,2.91,0,1.062944298,-13.10526957,220,5,1.1,0.9
2230,1,0,0,0,1.71,0,1.036006198,-22.50541745,220,5,1.1,0.9
2231,1,0,0,0,0.45,0,1.049391406,1.215627559,220,5,1.1,0.9
2242,1,0,0,0,2.76,0,1.023974817,-19.08483205,220,5,1.1,0.9
2252,1,100.7,-4.2,0,1.57,0,1.068023197,-48.13786487,220,5,1.1,0.9
2273,1,141.3,32.4,0,7.29,0,1.072950136,-26.37607576,220,5,1.1,0.9
2276,2,0,0,0,0,0,1.05324,-24.05231847,220,5,1.1,0.9
2286,1,208.88,60.8,0,6.68,0,1.022917548,-8.417626448,220,5,1.1,0.9
2288,1,170.9,39,0,11.25,0,1.034463167,-8.549661244,220,5,1.1,0.9
2291,2,0,0,0,0,0,1.072528,-10.32220795,220,5,1.1,0.9
2303,1,0,0,0,7.94,0,1.030003621,-15.88669166,220,5,1.1,0.9
2304,1,88.7,-0.1,0,2.83,0,1.058212023,-25.97156063,220,5,1.1,0.9
2308,1,32.04,6.6,0,0.44,0,1.037525522,-24.11311096,220,5,1.1,0.9
2313,1,0,0,0,0.41,0,1.046355259,-21.31649056,220,5,1.1,0.9
2319,1,39.64,20.9,0,0.65,0,1.061068776,-9.059562038,220,5,1.1,0.9
2327,1,114.5,25.2,0,17.57,0,1.045878807,-25.19623402,220,5,1.1,0.9
2328,1,0,0,0,0.4,0,1.015147989,-14.30097244,220,5,1.1,0.9
2337,1,103.4,27,0,1.41,0,1.04496809,-29.81189717,220,5,1.1,0.9
2340,1,96.91,13.9,0,3.98,0,1.03941977,-12.48785046,220,5,1.1,0.9
2341,1,0,0,0,3.28,0,1.064969515,-26.22821508,220,5,1.1,0.9
2359,2,0,0,0,0,0,1.024884,-9.959701517,380,5,1.1,0.9
2360,1,215.5,31.3,0,14.23,0,1.028399845,-21.33396607,220,5,1.1,0.9
2361,1,16.9,3.85,0,25.09,0,1.051934994,-29.36991443,220,5,1.1,0.9
2365,1,37.94,15.4,0,117.386167,0,1.033350861,-22.19630165,380,5,1.1,0.9
2372,1,0,0,0,14.490904,0,0.9900596136,-17.49652928,380,5,1.1,0.9
2377,1,101.7,17.6,0,13.14,0,1.033674952,-14.92783477,220,5,1.1,0.9
2393,1,20.82,0,0,0.13,0,1.07043667,7.756621086,220,5,1.1,0.9
2406,1,0,0,0,1.69,0,1.047359386,-24.4888604,220,5,1.1,0.9
2421,2,0,0,0,0,0,1.047766,-23.72993888,220,5,1.1,0.9
2424,1,44.55,16.8,0,2.31,0,1.034770076,-22.43818877,220,5,1.1,0.9
2425,2,0,0,0,0,0,1.041186,-9.866415744,220,5,1.1,0.9
2426,2,0,0,0,0,0,1.037687,-13.67909182,220,5,1.1,0.9
2430,1,0,0,0,6.21,0,1.03648779,-11.93878954,220,5,1.1,0.9
2432,1,291.2,35.4,0,21.87,0,1.028912639,-32.0613607,220,5,1.1,0.9
2438,1,0,0,0,0.64,0,1.046326901,-21.31618963,220,5,1.1,0.9
2446,2,0,0,0,0,0,1.06157,7.516391167,380,5,1.1,0.9
2457,1,30.73,9.6,0,2.75,0,1.040039021,-24.65292575,220,5,1.1,0.9
2458,1,132,26,0,27.18,0,1.005994486,-13.45842277,380,5,1.1,0.9
2467,1,0,0,0,11.65,0,1.016396295,-14.15145124,220,5,1.1,0.9
2468,2,0,0,0,0,0,1.048132,-6.157466064,220,5,1.1,0.9
2475,1,0,0,0,0.21,0,1.065573782,-7.893229567,220,5,1.1,0.9
2479,1,-2.65,-1.17,0,65.673108,0,1.008164349,-2.585927808,380,5,1.1,0.9
2481,2,0,0,0,0,0,1.042777,-18.21405272,220,5,1.1,0.9
2489,2,0,0,0,0,0,1.049366,1.2159398,220,5,1.1,0.9
2503,1,0,0,0,2.09,0,1.011383804,-21.50555028,220,5,1.1,0.9
2510,1,115.87,29.41,0,7.92,0,1.028142832,-12.13033646,220,5,1.1,0.9
2518,1,-5.29,-1.91,0,42.622979,0,0.9929429921,-11.52425441,380,5,1.1,0.9
2526,1,238.45,46.86,0,125.534496,0,1.044463713,-19.76977416,380,5,1.1,0.9
2527,1,59.77,16.7,0,0.64,0,1.043948431,-4.657351731,220,5,1.1,0.9
2535,1,51.56,2.1,0,0.18,0,1.037608822,-2.382737537,220,5,1.1,0.9
2550,2,0,0,0,0,0,1.049384,-6.608997091,220,5,1.1,0.9
2558,1,159.27,38.31,0,2.18,0,1.023251598,-16.69682215,220,5,1.1,0.9
2563,1,52.86,13,0,6.04,0,1.046659948,-4.728116702,220,5,1.1,0.9
2575,1,62.97,17.4,0,0.3,0,1.041560138,-2.763066048,220,5,1.1,0.9
2591,1,253.77,84.6,0,20.71,0,1.030758717,-15.29825903,220,5,1.1,0.9
2597,1,14.72,5.4,0,0.72,0,1.033083038,-10.85289424,220,5,1.1,0.9
2598,1,25.63,12.7,0,8.42,0,1.035312817,-15.3196278,220,5,1.1,0.9
2600,2,0,0,0,0,0,1.038821,-13.55952792,220,5,1.1,0.9
2627,2,0,0,0,0,0,1.061488,7.480135879,380,5,1.1,0.9
2629,1,203.1,65.2,0,0.64,0,1.044191249,-24.55299241,220,5,1.1,0.9
2641,1,0,0,0,1.72,0,1.041983762,-11.36721161,220,5,1.1,0.9
2644,1,0,0,0,0.19,0,1.072311186,-24.84149446,220,5,1.1,0.9
2653,2,0,0,0,0,0,1.036517,-23.03187004,220,5,1.1,0.9
2654,1,207.1,50.4,0,4.93,0,1.012576202,-18.8494701,220,5,1.1,0.9
2656,1,-0.72,0,0,69.582294,0,1.032042953,-23.01032414,380,5,1.1,0.9
2676,1,123.24,23.65,0,6.44,0,1.03556575,-15.0108379,220,5,1.1,0.9
2689,1,0,0,0,0.45,0,1.034065461,-2.699778137,220,5,1.1,0.9
2695,1,16.22,8.9,0,2.2,0,1.038187994,-21.03714694,220,5,1.1,0.9
2702,1,151.7,27.6,0,6.49,0,1.041906119,-25.67313682,220,5,1.1,0.9
2719,2,0,0,0,0,0,1.035384,-15.42588145,220,5,1.1,0.9
2721,1,0,0,0,10.040547,0,0.9829406446,-22.7840715,380,5,1.1,0.9
2732,1,85.59,20.72,0,142.79,0,1.011351861,-10.07635358,380,5,1.1,0.9
2749,1,55.56,26.5,0,1.09,0,1.049924483,-30.43593382,220,5,1.1,0.9
2751,1,34.54,8.6,0,5.05,0,1.041859997,-21.94801359,220,5,1.1,0.9
2754,1,0,0,0,3.72,0,1.051980016,-13.38979139,220,5,1.1,0.9
2770,1,85.39,14.3,0,0.35,0,1.047910588,-10.05019345,220,5,1.1,0.9
2782,1,-28.13,-0.81,0,0.1,0,1.061641419,-11.57048718,220,5,1.1,0.9
2786,2,0,0,0,0,0,1.073795,6.417170708,380,5,1.3,0.7
2794,1,0,0,0,0.39,0,1.033558558,-18.52753266,220,5,1.1,0.9
2795,1,0,0,0,1.94,0,1.069489185,-32.36735577,220,5,1.1,0.9
2797,2,0,0,0,0,0,1.042226,-4.451986575,220,5,1.1,0.9
2799,2,0,0,0,0,0,1.05396,-12.49903344,220,5,1.1,0.9
2801,1,0,0,0,12.17,0,1.041002223,-24.53657067,220,5,1.1,0.9
2806,1,0,0,0,0.39,0,1.050298071,0.2199311513,220,5,1.1,0.9
2815,1,25.33,14.2,0,4.05,0,1.036528673,-23.00827411,220,5,1.1,0.9
2816,2,0,0,0,0,0,1.053944,-0.3719442381,380,5,1.1,0.9
2841,2,0,0,0,0,0,1.08248,-26.45567088,220,5,1.1,0.9
2842,2,0,0,0,0,0,1.043712,-6.603419452,220,5,1.1,0.9
2847,1,40.14,8.8,0,0.82,0,1.050626868,-3.977668513,220,5,1.1,0.9
2848,1,453.23,139.16,0,25.583218,0,0.996790603,-7.856579038,380,5,1.1,0.9
2850,1,0,0,0,4.76,0,1.030007041,-18.78464551,220,5,1.1,0.9
2854,1,-12.33,-2.65,0,69.323028,0,1.044522246,-10.79908074,380,5,1.1,0.9
2863,1,37.73,13.84,0,0.09,0,1.028402693,-11.03393106,220,5,1.1,0.9
2866,1,0,0,0,4.21,0,1.037740493,-7.220048177,220,5,1.1,0.9
2872,2,0,0,0,0,0,1.063841,-10.6311074,220,5,1.1,0.9
2877,1,29.93,0,0,0.46,0,1.03868998,-14.96542215,220,5,1.1,0.9
2878,2,0,0,0,0,0,1.057626,-11.02286902,220,5,1.1,0.9
2886,2,0,0,0,0,0,1.055151,-14.15337307,220,5,1.1,0.9
2888,1,0,0,0,0.22,0,1.012254476,-21.28128734,220,5,1.1,0.9
2889,1,0,0,0,3.2,0,1.050185805,-1.081316827,220,5,1.1,0.9
2898,1,56.76,13.4,0,1.18,0,1.035844719,-23.09445755,220,5,1.1,0.9
2902,2,0,0,0,0,0,1.059072,-23.5667683,220,5,1.1,0.9
2910,1,0,0,0,2.87,0,1.040452252,-1.825215477,220,5,1.1,0.9
2918,1,0,0,0,53.25003,0,1.023824732,-28.38966379,380,5,1.1,0.9
2919,1,0,0,0,32.049116,0,0.9904778956,-18.333356,380,5,1.1,0.9
2924,1,19.92,7.4,0,17.28,0,1.030332876,-33.80041146,220,5,1.1,0.9
2928,1,0,0,0,92.38,0,1.073159161,-26.3725602,220,5,1.1,0.9
2930,2,0,0,0,0,0,1.047695,-13.0551098,220,5,1.1,0.9
2931,1,230.7,19.3,0,4.56,0,1.043420436,-32.31120605,220,5,1.1,0.9
2934,2,0,0,0,0,0,1.051149,-6.470329671,220,5,1.1,0.9
2938,1,0,0,0,137.29,0,1.003898067,-7.404080184,380,5,1.1,0.9
2940,1,103,28.7,0,2.88,0,1.013922291,-14.40142682,220,5,1.1,0.9
2949,1,0,0,0,11.03,0,1.050087828,-4.790834653,220,5,1.1,0.9
2961,1,159.9,53.2,0,7.99,0,1.041194384,-24.42147137,220,5,1.1,0.9
2967,1,0,0,0,0.19,0,1.046973484,-17.10198479,220,5,1.1,0.9
2968,1,112.51,16.51,0,1.63,0,1.044393073,-8.935600684,220,5,1.1,0.9
2972,1,97.82,20.59,0,6.67,0,1.038040517,-15.09069003,220,5,1.1,0.9
2980,1,0,0,0,0.42,0,1.063223402,-9.237933442,380,5,1.1,0.9
2981,1,0,0,0,1.68,0,1.075148306,-15.31286937,220,5,1.1,0.9
2985,2,0,0,0,0,0,1.053607,-8.268641374,220,5,1.1,0.9
2995,1,0,0,0,3.9,0,1.051865457,-3.785879183,220,5,1.1,0.9
3013,1,2.2,1.1,0,0.67,0,1.049574768,-5.196790073,220,5,1.1,0.9
3018,2,0,0,0,0,0,1.041705,-12.94176885,220,5,1.1,0.9
3019,1,0,0,0,1.37,0,1.036765613,-22.78674767,220,5,1.1,0.9
3021,1,74.38,8.8,0,6.1,0,1.042429251,-11.75085147,220,5,1.1,0.9
3022,1,149,19.8,0,23.89,0,1.038335807,-14.98930559,380,5,1.1,0.9
3028,2,0,0,0,0,0,1.030654,0.7721205713,380,5,1.1,0.9
3036,1,116.93,33.6,0,3.35,0,1.045491941,-25.23840544,220,5,1.1,0.9
3037,1,221,146.8,0,8.35,0,1.04856885,-6.573763414,220,5,1.1,0.9
3044,1,29.33,5.6,0,6.56,0,1.028806088,-21.26097622,220,5,1.1,0.9
3051,1,0,0,0,0,0,1.030044955,-25.16604775,220,5,1.1,0.9
3069,1,89.6,22.7,0,4.06,0,1.035317603,-9.970610357,220,5,1.1,0.9
3070,1,0,0,0,4.27,0,1.012248063,-21.28124197,220,5,1.1,0.9
3071,1,0,0,0,2.83,0,1.044715809,-7.226382168,220,5,1.1,0.9
3072,1,92.9,27.7,0,5.22,0,1.050675405,-30.40827984,220,5,1.1,0.9
3075,1,30.33,10.5,0,0.33,0,1.01279923,-16.94965551,220,5,1.1,0.9
3082,1,0,0,0,75.076038,0,0.9971715976,-15.15660865,380,5,1.1,0.9
3083,1,567.97,130.73,0,1.09,0,1.068194981,-27.68691737,220,5,1.1,0.9
3085,1,64.67,24.5,0,1.46,0,1.067023709,-27.7434943,220,5,1.1,0.9
3112,1,0,0,0,0,0,1.056442815,2.456149746,220,5,1.1,0.9
3114,2,0,0,0,0,0,1.071964,-11.35609147,220,5,1.1,0.9
3121,1,242.16,73.64,0,12.79,0,1.031272533,-7.16969578,220,5,1.1,0.9
3126,1,104.78,20.92,0,6.17,0,1.02025041,-17.98719046,220,5,1.1,0.9
3133,2,0,0,0,0,0,1.065372,-8.923863186,220,5,1.1,0.9
3134,2,0,0,0,0,0,1.023117,-15.84750318,220,5,1.1,0.9
3137,1,0,0,0,0.03,0,1.064969634,-26.22821594,220,5,1.1,0.9
3145,1,860.95,-182.67,0,18.309116,0,0.9929929951,-41.627954,380,5,1.1,0.9
3166,1,184.91,32.8,0,8.35,0,1.038703034,-17.63327069,220,5,1.1,0.9
3183,2,0,0,0,0,0,1.055515,-11.97597361,220,5,1.1,0.9
3184,1,14.12,7.7,0,1.42,0,1.040016354,-21.37039562,220,5,1.1,0.9
3187,1,107,34.7,0,1.54,0,1.042371532,-12.97653973,220,5,1.1,0.9
3191,1,127.8,15.2,0,9.34,0,1.040615529,-12.3227638,220,5,1.1,0.9
3200,1,86.2,19.9,0,5.43,0,1.036168696,-23.0774048,220,5,1.1,0.9
3204,1,8.51,3.2,0,0.96,0,1.017020188,-10.24032499,220,5,1.1,0.9
3205,1,0,0,0,0,0,1.04172352,-1.308877649,380,5,1.1,0.9
3218,2,0,0,0,0,0,1.028507,-11.21280142,220,5,1.1,0.9
3221,1,76.38,24.8,0,3.24,0,1.047207648,-12.17144648,220,5,1.1,0.9
3231,1,251.3,42.6,0,5.47,0,1.02503026,-14.38162739,220,5,1.1,0.9
3239,1,-5.06,-1.84,0,187.327025,0,1.055578921,-11.73419596,380,5,1.1,0.9
3240,2,0,0,0,0,0,1.050305,-1.093882923,220,5,1.1,0.9
3241,1,132,27,0,4.66,0,1.025480085,-18.01454656,220,5,1.1,0.9
3243,1,0,0,0,1.18,0,0.9895603659,-18.20085012,380,5,1.1,0.9
3246,1,20.9,-171.5,0,0.21,0,1.080444784,7.920460189,220,5,1.1,0.9
3248,1,84.19,17.3,0,6.2,0,1.053614258,-11.31839085,220,5,1.1,0.9
3255,1,0,0,0,1.44,0,1.038674229,-22.05859959,220,5,1.1,0.9
3276,1,0,0,0,0.13,0,1.050049502,-7.87732522,220,5,1.1,0.9
3293,1,33.14,11.6,0,4.51,0,1.038286418,-11.78651564,220,5,1.1,0.9
3306,2,0,0,0,0,0,1.071978,8.136442913,220,5,1.1,0.9
3324,2,0,0,0,0,0,1.014126,-16.16710469,220,5,1.1,0.9
3325,1,0,0,0,0.91,0,1.033849822,-20.08112536,220,5,1.1,0.9
3327,1,0,0,0,2.27,0,1.037501827,-12.18138173,220,5,1.1,0.9
3331,1,0,0,0,4.56,0,1.0174976,-10.18910855,220,5,1.1,0.9
3344,1,83.29,24.1,0,1.23,0,1.03952472,-16.62172975,220,5,1.1,0.9
3346,1,0,0,0,0,0,1.002407498,-12.01456982,380,5,1.1,0.9
3353,2,0,0,0,0,0,1.045739,-3.009417541,220,5,1.1,0.9
3364,2,0,0,0,0,0,1.0538,-12.50294327,220,5,1.1,0.9
3377,1,77.49,21.4,0,0.05,0,1.018187452,-10.48244387,220,5,1.1,0.9
3390,2,0,0,0,0,0,1.039984,-11.85928699,220,5,1.1,0.9
3391,1,302.5,65.1,0,8.87,0,1.059426772,-20.92564809,220,5,1.1,0.9
3400,1,0,0,0,17.31,0,1.046256297,-25.14731556,220,5,1.1,0.9
3401,1,23.22,6.3,0,0.66,0,1.034710057,-14.0391214,220,5,1.1,0.9
3412,1,0,0,0,0,0,1.056442815,2.456149746,220,5,1.1,0.9
3422,2,0,0,0,0,0,1.063657,-10.84868423,220,5,1.1,0.9
3430,1,125.1,44,0,6.04,0,1.015254739,-16.1837085,220,5,1.1,0.9
3435,1,0,0,0,10.13,0,1.042290742,-25.61894367,220,5,1.1,0.9
3436,2,0,0,0,0,0,1.060777,-13.33265386,220,5,1.1,0.9
3445,1,45.14,-6.64,0,88.82001,0,0.9991589245,-5.959475867,380,5,1.1,0.9
3450,1,78.99,16.2,0,1.97,0,1.046643004,-21.53642236,220,5,1.1,0.9
3481,1,142.5,23.6,0,4.24,0,1.022131402,-20.84026353,220,5,1.1,0.9
3483,1,157.78,276.03,0,91.192543,0,1.05181251,2.244363245,380,5,1.1,0.9
3485,1,0,0,0,6.501668,0,0.9903735324,-16.28782218,380,5,1.1,0.9
3486,1,101.5,-18.3,0,8.47,0,1.035471804,-20.91431799,220,5,1.1,0.9
3488,1,55.66,4.5,0,1.33,0,1.038738636,-12.63607647,220,5,1.1,0.9
3492,2,0,0,0,0,0,1.04852,-8.593494089,220,5,1.1,0.9
3496,1,99.3,23.3,0,1.88,0,1.035056842,-21.36045473,220,5,1.1,0.9
3498,1,138.5,19.3,0,5.26,0,1.036478602,-10.19740217,220,5,1.1,0.9
3499,1,180.4,71.6,0,81.042938,0,1.035588229,-3.627985757,380,5,1.1,0.9
3502,1,98.2,19.1,0,10.92,0,1.020848929,-10.52445725,220,5,1.1,0.9
3503,1,0,0,0,1.93,0,1.031844574,-11.55185124,220,5,1.1,0.9
3513,2,0,0,0,0,0,1.028771,-3.753979243,380,5,1.1,0.9
3519,1,0,0,0,68.053762,0,1.031660951,-23.04465598,380,5,1.1,0.9
3520,1,0,0,0,2.47,0,1.038661316,-5.096525176,220,5,1.1,0.9
3526,1,33.34,13.2,0,0.76,0,1.057109804,-3.68621225,220,5,1.1,0.9
3535,1,0,0,0,0.49,0,1.03469589,-24.48622469,220,5,1.1,0.9
3541,1,0,0,0,3.34,0,1.038107074,-24.01782303,220,5,1.1,0.9
3543,1,0,0,0,14.079026,0,0.9906253111,-17.57035693,380,5,1.1,0.9
3545,1,20.12,7.6,0,0.89,0,1.049179608,-7.993871695,220,5,1.1,0.9
3557,1,87.2,31.8,0,5.96,0,1.048883242,-30.7705758,220,5,1.1,0.9
3558,1,0,0,0,2.51,0,1.062151951,2.50495676,220,5,1.1,0.9
3565,2,0,0,0,0,0,1.081614,-26.66284984,220,5,1.1,0.9
3577,1,-38.7,-12.99,0,13.47383,0,1.03171784,-5.167306406,380,5,1.1,0.9
3579,1,277.72,7.35,0,3.58,0,1.071840432,-40.33889539,220,5,1.1,0.9
3580,2,0,0,0,0,0,1.07602,-33.44327751,220,5,1.1,0.9
3589,1,37.54,18.3,0,0.22,0,1.042937365,-6.681522759,220,5,1.1,0.9
3594,1,31.43,6.6,0,3.32,0,1.031767118,-19.84767375,220,5,1.1,0.9
3601,1,0,0,0,0.23,0,1.040125487,-21.39199041,220,5,1.1,0.9
3602,1,86.6,14.9,0,1.34,0,1.030625831,-18.9796047,220,5,1.1,0.9
3608,1,0,0,0,58.146813,0,1.00908949,-41.73956967,380,5,1.1,0.9
3609,1,-28.13,-0.82,0,0.1,0,1.061635958,-11.57178145,220,5,1.1,0.9
3610,1,185.8,31.8,0,3.73,0,1.036158684,-22.76922815,220,5,1.1,0.9
3611,2,0,0,0,0,0,1.03905,-18.98366862,220,5,1.1,0.9
3613,1,152.5,14.4,0,24.61,0,1.030027467,-28.08726973,380,5,1.1,0.9
3643,1,24.23,6.4,0,3.9,0,1.033225843,-19.395356,220,5,1.1,0.9
3645,1,42.55,17.6,0,17.28,0,1.030000249,-33.82393404,220,5,1.1,0.9
3649,1,0,0,0,4.86,0,1.051101296,-34.21930591,220,5,1.1,0.9
3654,1,20.72,5,0,6.64,0,1.072745615,-26.43023915,220,5,1.1,0.9
3656,2,0,0,0,0,0,1.070983,-11.50407865,220,5,1.1,0.9
3657,1,131,1.3,0,120.45,0,1.074189375,-26.11884933,220,5,1.1,0.9
3661,2,0,0,0,0,0,1.059676,4.552076755,380,5,1.1,0.9
3670,1,28.03,6.5,0,6.32,0,1.035150613,-22.00317427,220,5,1.1,0.9
3672,1,82.99,25.9,0,0.23,0,1.032412201,-13.07095739,220,5,1.1,0.9
3674,1,155.05,39.56,0,6.27,0,1.039042919,-14.87959152,220,5,1.1,0.9
3680,1,0,0,0,12.4,0,1.03535176,-15.43739208,220,5,1.1,0.9
3697,1,-32.71,-13.76,0,135.136611,0,1.048253664,-20.6577372,380,5,1.1,0.9
3698,2,0,0,0,0,0,1.041813,-24.34694505,220,5,1.1,0.9
3701,1,0,0,0,0.43,0,1.046715187,-25.08485206,220,5,1.1,0.9
3707,1,77.49,17.3,0,0.1,0,1.050546628,-15.41960102,220,5,1.1,0.9
3718,1,179.4,58.3,0,0.64,0,1.044443636,-25.31062891,220,5,1.1,0.9
3737,1,42.48,10.36,0,0.37,0,1.036973062,-2.420538684,220,5,1.1,0.9
3740,1,0,0,0,13.03,0,1.037823159,-21.25135101,220,5,1.1,0.9
3741,2,0,0,0,0,0,1.031629,0.8842913998,380,5,1.1,0.9
3749,1,115.1,16.4,0,7.67,0,1.041037303,-17.45762428,220,5,1.1,0.9
3758,1,83.49,17.4,0,19.32,0,1.023013647,-19.07671203,220,5,1.1,0.9
3760,1,163.5,44.9,0,1.17,0,1.057813465,-20.91973498,220,5,1.1,0.9
3768,1,19.82,10.9,0,0.05,0,1.041729198,-21.95643673,220,5,1.1,0.9
3775,1,55.54,15.06,0,6.28,0,1.001054032,-23.5393265,220,5,1.1,0.9
3786,1,0,0,0,26.98,0,1.053223892,-20.40136339,220,5,1.1,0.9
3793,1,197.7,67.65,0,13.58,0,1.033986201,-20.73320979,220,5,1.1,0.9
3794,1,165.3,7.4,0,28.32,0,1.030509216,-28.1796596,380,5,1.1,0.9
3809,2,0,0,0,0,0,1.084785,-34.02179752,220,5,1.1,0.9
3814,1,130.5,24.7,0,0.4,0,1.040871115,-22.01977954,220,5,1.1,0.9
3817,1,0,0,0,1.02,0,1.089267803,-15.38718207,220,5,1.1,0.9
3818,1,44.45,10.9,0,2.23,0,1.041568355,-25.84920434,220,5,1.1,0.9
3825,2,0,0,0,0,0,1.026994,-8.573424657,380,5,1.1,0.9
3830,1,0,0,0,97.326028,0,0.9932991246,-13.76914495,380,5,1.1,0.9
3834,1,160,69.2,0,0.19,0,1.036058578,-22.2707668,220,5,1.1,0.9
3855,1,-38.73,-15.32,0,97.23,0,1.074104135,-26.20704641,220,5,1.1,0.9
3857,1,0,0,0,11.68,0,1.075712054,-23.67633018,220,5,1.1,0.9
3865,1,0,0,0,2.26,0,1.027016292,-14.87882774,220,5,1.1,0.9
3866,1,201.06,19.46,0,2.87,0,1.047381346,-27.82215465,220,5,1.1,0.9
3869,2,0,0,0,0,0,1.031907,1.366913317,380,5,1.1,0.9
3876,2,0,0,0,0,0,1.044501,-10.17034167,220,5,1.1,0.9
3880,1,-28.13,-0.82,0,0.09,0,1.061622524,-11.57101168,220,5,1.1,0.9
3894,1,0,0,0,4.77,0,1.024017709,-15.3319326,220,5,1.1,0.9
3903,1,0,0,0,4.36,0,1.050049606,-24.57603838,220,5,1.1,0.9
3906,1,0,0,0,98.2,0,1.037191531,-13.44567977,380,5,1.1,0.9
3912,1,0,0,0,19.73,0,1.038087069,-21.11117275,220,5,1.1,0.9
3916,2,0,0,0,0,0,1.043758,-14.07922388,220,5,1.1,0.9
3918,1,-11.8,-5.47,0,88.050735,0,1.023146934,-1.700402163,380,5,1.1,0.9
3919,1,0,0,0,39.95,0,1.024296617,-6.038420348,380,5,1.1,0.9
3925,1,89.3,25.1,0,2.98,0,1.026482013,-13.15891177,220,5,1.1,0.9
3928,1,105.2,24.2,0,0.25,0,1.046221285,-4.777715885,220,5,1.1,0.9
3929,1,48.95,11.6,0,2,0,1.03252186,-20.24288473,220,5,1.1,0.9
3951,2,0,0,0,0,0,1.027439,-13.05149107,220,5,1.1,0.9
3956,1,0,0,0,1.18,0,1.048035389,-24.14899079,220,5,1.1,0.9
3962,1,19.42,11.8,0,2.6,0,1.040644947,-23.72552113,220,5,1.1,0.9
3969,1,0,0,0,0.84,0,1.018392225,-10.46633581,220,5,1.1,0.9
3971,2,0,0,0,0,0,1.063145,-8.952285488,220,5,1.1,0.9
3975,1,148,26.1,0,9.44,0,0.9845405838,-24.83262601,220,5,1.1,0.9
3985,1,77.19,26.5,0,6.2,0,1.047035753,-0.01192478943,220,5,1.1,0.9
3994,1,36.34,10.4,0,2.67,0,1.034594433,-2.559823573,220,5,1.1,0.9
3997,1,26.13,9.7,0,2.37,0,1.042252788,-12.14105515,220,5,1.1,0.9
3999,1,110.8,36.9,0,23.2,0,1.051384386,-6.634356195,220,5,1.1,0.9
4000,1,0,0,0,24.103274,0,0.9910911786,-15.54257222,380,5,1.1,0.9
4005,1,171.18,28.49,0,0,0,1.067884639,-31.82659629,220,5,1.1,0.9
4024,2,0,0,0,0,0,1.040328,2.398844246,380,5,1.1,0.9
4025,1,0,0,0,2.67,0,1.03473908,-2.548704716,220,5,1.1,0.9
4031,1,0,0,0,6.42,0,1.063746513,-10.63975694,220,5,1.1,0.9
4032,1,265.7,113.5,0,1.85,0,0.9995735104,-11.67184914,220,5,1.1,0.9
4039,1,0,0,0,1.18,0,1.037802693,-22.5493982,220,5,1.1,0.9
4049,1,0,0,0,0.89,0,1.017175817,-10.1067442,220,5,1.1,0.9
4054,1,0,0,0,2.71,0,1.033577511,-18.52767926,220,5,1.1,0.9
4056,2,0,0,0,0,0,1.038526,-9.76080005,220,5,1.1,0.9
4060,1,0,0,0,2.08,0,1.066886535,-14.5399198,220,5,1.1,0.9
4084,2,0,0,0,0,0,1.063234,-8.894010766,220,5,1.1,0.9
4100,1,0,0,0,1.23,0,1.06359808,-10.86784806,220,5,1.1,0.9
4103,1,81.09,12.5,0,2.4,0,1.036141503,-21.72320818,220,5,1.1,0.9
4110,1,13.01,3.8,0,3.59,0,1.048572669,0.6791826551,220,5,1.1,0.9
4114,1,9.91,5.4,0,4.6,0,1.047316585,-24.54292987,220,5,1.1,0.9
4118,2,0,0,0,0,0,1.027195,-14.81505474,220,5,1.1,0.9
4125,1,0,0,0,0,0,0.9980386244,-8.410947845,380,5,1.1,0.9
4127,1,39.14,7.7,0,11.68,0,1.033087156,-20.18222479,220,5,1.1,0.9
4128,2,0,0,0,0,0,1.019761,-15.62988471,220,5,1.1,0.9
4134,1,0,0,0,0.09,0,1.074113806,-33.66025283,220,5,1.1,0.9
4141,1,-0.62,0,0,75.020288,0,1.032542588,-21.13900062,380,5,1.1,0.9
4143,1,11.11,4.1,0,0.8,0,1.050090621,-1.117590779,220,5,1.1,0.9
4144,1,310.2,4.5,0,8.51,0,1.049554107,-20.6915975,220,5,1.1,0.9
4157,1,0,0,0,1.2,0,1.073161878,-26.37266402,220,5,1.1,0.9
4185,1,87.5,21.3,0,7.52,0,1.041384328,-25.87032354,220,5,1.1,0.9
4186,1,0,0,0,5.06,0,1.036066415,-23.1556964,220,5,1.1,0.9
4189,1,200.65,30.72,0,9.72,0,1.024767232,-26.38327241,220,5,1.1,0.9
4196,1,-3.2,-1.05,0,48.471563,0,1.029136983,-7.589689707,380,5,1.1,0.9
4197,1,9.01,4.9,0,0.64,0,1.068739245,0.7372563944,220,5,1.1,0.9
4205,1,5.81,1.7,0,0.42,0,1.051221316,-12.78195581,220,5,1.1,0.9
4215,1,0,0,0,17.29,0,1.045157947,-23.06514152,220,5,1.1,0.9
4231,3,0,0,0,0,0,1.049182,0,380,5,1.1,0.9
4234,1,0,0,0,8.95,0,1.045668367,-17.24632803,220,5,1.1,0.9
4235,1,0,0,0,12.68,0,1.037573855,-19.30807939,220,5,1.1,0.9
4239,1,190.7,52,0,20.57,0,1.052217652,-13.26940954,220,5,1.1,0.9
4245,1,24.93,9.6,0,0.09,0,1.041033786,-9.882089669,220,5,1.1,0.9
4251,1,47.15,15.7,0,5.41,0,1.019156223,-17.77992164,220,5,1.1,0.9
4267,1,70.78,19.6,0,7.9,0,1.038615579,-8.893604444,220,5,1.1,0.9
4281,1,0,0,0,11.4,0,1.049996798,-11.75645956,220,5,1.1,0.9
4300,1,81.49,25.1,0,0.36,0,1.002243278,-16.24854011,220,5,1.1,0.9
4301,1,0,0,0,2.27,0,1.038096518,-21.11153822,220,5,1.1,0.9
4306,1,0,0,0,0.3,0,1.034588454,-30.85656518,380,5,1.1,0.9
4313,1,133.4,29.4,0,10.87,0,1.043271682,-21.16388054,220,5,1.1,0.9
4314,1,26.13,2.7,0,1.7,0,1.044006794,-14.26957785,220,5,1.1,0.9
4324,1,307.42,-38.3,0,0,0,1.06402018,-32.83123801,220,5,1.1,0.9
4331,2,0,0,0,0,0,1.028646,-11.00819544,220,5,1.1,0.9
4339,1,0,0,0,42.345005,0,0.9942667103,-15.83173057,380,5,1.1,0.9
4353,1,165.8,44,0,6.15,0,1.054916922,-26.7592406,220,5,1.1,0.9
4355,1,65.07,15,0,1.37,0,1.072079513,-26.47257589,220,5,1.1,0.9
4357,1,235,58.9,0,14.47,0,1.046643675,-16.05773908,220,5,1.1,0.9
4368,1,90.6,15.8,0,7.99,0,1.060614205,-25.21229847,220,5,1.1,0.9
4395,2,0,0,0,0,0,1.039834,-20.69086831,220,5,1.1,0.9
4402,1,0,0,0,1.02,0,1.089270692,-15.38723992,220,5,1.1,0.9
4410,1,45.05,13.2,0,44.93,0,1.045736119,-36.82138447,220,5,1.1,0.9
4418,1,0,0,0,0.05,0,1.076634213,-24.40196035,220,5,1.1,0.9
4419,2,0,0,0,0,0,1.059565,4.535136128,380,5,1.1,0.9
4426,1,485.5,-63.38,0,34.92,0,1.067770947,-46.84437608,220,5,1.1,0.9
4432,1,0,0,0,0.8,0,1.073160972,-26.37262941,220,5,1.1,0.9
4435,1,0,0,0,102.217726,0,1.006720843,-8.619309713,380,5,1.1,0.9
4454,1,0,0,0,1,0,0.9877856863,-18.19205275,220,5,1.1,0.9
4480,2,0,0,0,0,0,1.071852,8.029509378,220,5,1.1,0.9
4482,2,0,0,0,0,0,1.049914,-6.407940161,220,5,1.1,0.9
4484,1,69.78,25,0,14.24,0,1.05140361,-13.40883504,220,5,1.1,0.9
4491,1,0,0,0,1.75,0,1.028560374,-31.31656036,220,5,1.1,0.9
4494,1,0,0,0,55.514618,0,1.024654315,-0.9302669753,380,5,1.1,0.9
4504,1,170.1,-9.3,0,5.97,0,1.07214463,-42.90149676,220,5,1.1,0.9
4505,1,95.51,17.1,0,8.5,0,1.046911224,-16.02454625,220,5,1.1,0.9
4506,2,0,0,0,0,0,1.036047,-5.573114879,220,5,1.1,0.9
4511,1,81.89,19.9,0,5.1,0,1.040614832,-25.99413317,220,5,1.1,0.9
4513,1,92.1,29.5,0,3.14,0,1.030551935,-9.775079414,220,5,1.1,0.9
4520,1,0,0,0,0.94,0,1.017176328,-10.10674905,220,5,1.1,0.9
4525,1,0,0,0,6.12,0,1.060609695,-8.607832749,220,5,1.1,0.9
4529,1,48.48,8.7,0,10.14,0,1.055339067,-15.24616699,220,5,1.1,0.9
4541,1,0,0,0,150.797812,0,1.020861765,-9.890043103,380,5,1.1,0.9
4544,1,0,0,0,14.64,0,1.043173388,-14.72548005,220,5,1.1,0.9
4549,1,0,0,0,0.3,0,1.031856368,-11.55200611,220,5,1.1,0.9
4550,1,0,0,0,124.2,0,1.016137786,-10.39780742,380,5,1.1,0.9
4554,1,119,21.9,0,0.95,0,1.041001823,-9.783543985,220,5,1.1,0.9
4562,1,130.5,25.7,0,2.27,0,1.013614281,-16.86906898,220,5,1.1,0.9
4566,2,0,0,0,0,0,1.073282,-27.72349838,220,5,1.1,0.9
4580,1,11.01,3.9,0,7.98,0,1.044917707,-12.12750141,220,5,1.1,0.9
4594,1,-1.73,-1.71,0,22.062314,0,0.9981925878,-5.695838325,380,5,1.1,0.9
4598,1,0,0,0,52.958443,0,1.0246081,-7.957777658,380,5,1.1,0.9
4615,1,42.55,17.6,0,1.2,0,1.066825793,-25.55369301,220,5,1.1,0.9
4623,1,0,0,0,80.388213,0,0.9932424365,-16.91104026,380,5,1.1,0.9
4624,2,0,0,0,0,0,1.042135,-15.71312523,220,5,1.1,0.9
4656,1,93.9,-0.4,0,3.66,0,1.036505009,-19.8094775,220,5,1.1,0.9
4661,2,0,0,0,0,0,1.049813,-26.4609557,220,5,1.1,0.9
4674,1,124,29.2,0,0.53,0,1.032249678,-12.5524679,220,5,1.1,0.9
4679,1,102.7,17.8,0,48.05,0,1.042062,-20.64918387,220,5,1.1,0.9
4683,1,38.84,8.5,0,7.31,0,1.05202316,-3.751533401,220,5,1.1,0.9
4685,1,46.15,11.2,0,10.16,0,1.041674969,-25.85503708,220,5,1.1,0.9
4689,1,109.7,15,0,30.97,0,1.048666395,-31.1448043,220,5,1.1,0.9
4701,2,0,0,0,0,0,1.043063,-10.01186841,380,5,1.1,0.9
4710,1,195.4,76.84,0,8.59,0,1.026727101,-9.127168762,220,5,1.1,0.9
4711,1,0,0,0,16.11,0,1.042831546,-11.70794396,220,5,1.1,0.9
4725,1,4.91,1.6,0,4.15,0,1.014197556,-10.57414663,220,5,1.1,0.9
4728,1,3.1,0.1,0,1.34,0,1.040118023,-21.39190739,220,5,1.1,0.9
4729,1,0,0,0,2.38,0,1.035040522,-6.836989487,220,5,1.1,0.9
4734,1,0,0,0,25.339116,0,1.014480406,-10.21463092,380,5,1.1,0.9
4738,1,101.89,25.72,0,5.11,0,1.068650762,-10.45043974,220,5,1.1,0.9
4747,1,93.3,27.8,0,6.1,0,1.035470217,-12.57048463,220,5,1.1,0.9
4748,1,0,0,0,1.49,0,1.032136238,-12.46942812,220,5,1.1,0.9
4765,1,33.04,10.1,0,0.43,0,1.036775846,-12.27151114,220,5,1.1,0.9
4783,2,0,0,0,0,0,1.071981,8.333529459,220,5,1.1,0.9
4787,1,71.98,27.1,0,7.2,0,0.9900929998,-14.72315776,380,5,1.1,0.9
4816,1,0,0,0,0,0,1.066977815,-23.94144298,220,5,1.1,0.9
4819,2,0,0,0,0,0,1.031907,1.386229651,380,5,1.1,0.9
4823,2,0,0,0,0,0,1.067114,-14.51447472,220,5,1.1,0.9
4826,1,103.6,16,0,11.22,0,1.076633961,-24.40195863,220,5,1.1,0.9
4829,1,171.9,39.1,0,4.23,0,1.020570616,-5.609695469,220,5,1.1,0.9
4831,1,130.4,44.33,0,5.22,0,1.023645438,-15.79100992,220,5,1.1,0.9
4850,2,0,0,0,0,0,1.054975,-13.91408814,220,5,1.1,0.9
4852,1,45.55,-59.9,0,30.04,0,1.040517299,-20.36066127,220,5,1.1,0.9
4864,1,-28.21,-6,0,0.05,0,1.037976199,-12.95683995,220,5,1.1,0.9
4867,1,65.77,27.3,0,0.49,0,1.031602063,-2.893264131,220,5,1.1,0.9
4874,1,-0.58,-53.03,0,6.85,0,1.075825018,-39.79087209,220,5,1.1,0.9
4880,2,0,0,0,0,0,1.034991,-15.8284884,220,5,1.1,0.9
4885,1,166.4,50.4,0,1.23,0,1.072779932,-26.38630824,220,5,1.1,0.9
4889,1,74.98,19.8,0,6.47,0,1.034187363,-12.36057522,220,5,1.1,0.9
4907,1,125.16,29.2,0,2.69,0,1.040392304,-13.28618873,220,5,1.1,0.9
4908,1,50.06,9.9,0,11.56,0,1.037526818,-21.30578779,220,5,1.1,0.9
4914,1,14.91,-8.73,0,34.66,0,1.036607009,-23.00463894,220,5,1.1,0.9
4918,1,0,0,0,0,0,1.055922793,-11.02412394,220,5,1.1,0.9
4925,1,0,0,0,0.3,0,1.036017667,-22.50551543,220,5,1.1,0.9
4936,1,312.2,28,0,48.6,0,1.048767215,-31.05159421,220,5,1.1,0.9
4939,1,56.76,31.1,0,0.37,0,1.043949402,-4.571697577,220,5,1.1,0.9
4942,1,109.9,33.6,0,3.72,0,1.028311635,-12.94082234,220,5,1.1,0.9
4950,1,218.7,-9.1,0,49,0,1.035370595,-40.16818917,220,5,1.1,0.9
4951,1,183.95,-6.47,0,5.74,0,1.053506068,-1.703135746,220,5,1.1,0.9
4952,2,0,0,0,0,0,1.045386,-17.53062563,220,5,1.1,0.9
4970,1,0,0,0,171.931977,0,1.064162351,-17.84759521,380,5,1.1,0.9
4974,1,89.08,26.9,0,4.68,0,1.020253856,-13.51690693,220,5,1.1,0.9
5002,1,0,0,0,4.34,0,1.072877834,-12.10018166,220,5,1.1,0.9
5003,1,17.87,-8.59,0,0.21,0,1.042088656,-9.660312934,220,5,1.1,0.9
5004,2,0,0,0,0,0,1.0663,-15.26728806,220,5,1.1,0.9
5007,1,0,0,0,40.291745,0,1.020549202,-15.31659108,380,5,1.1,0.9
5016,1,0,0,0,8.347383,0,1.021385036,-4.991238586,380,5,1.1,0.9
5019,2,0,0,0,0,0,1.047693,-13.0607001,220,5,1.1,0.9
5049,1,136.6,29,0,2.05,0,1.018521029,-20.45061187,220,5,1.1,0.9
5051,2,0,0,0,0,0,1.037373,-16.586208,220,5,1.1,0.9
5067,2,0,0,0,0,0,1.021924,-7.960260759,380,5,1.1,0.9
5077,1,30.93,5.8,0,4.45,0,1.054766162,-26.77927408,220,5,1.1,0.9
5083,1,80.39,10.8,0,0.35,0,1.039162004,-12.45482453,220,5,1.1,0.9
5093,1,70.78,28,0,1.49,0,1.009062908,-14.91516294,220,5,1.1,0.9
5099,1,0,0,0,9.34,0,1.0583242,1.58625285,220,5,1.1,0.9
5106,1,39.94,13,0,2.47,0,1.07093867,-31.82355041,220,5,1.1,0.9
5110,2,0,0,0,0,0,1.032061,-10.23227697,220,5,1.1,0.9
5120,2,0,0,0,0,0,1.055539,-23.89056502,220,5,1.1,0.9
5131,1,0,0,0,7.84,0,1.073232363,-26.37341374,220,5,1.1,0.9
5137,1,16.92,0,0,0.57,0,1.017190988,-16.41244007,220,5,1.1,0.9
5144,2,0,0,0,0,0,1.035201,-3.099043524,380,5,1.1,0.9
5146,1,229.9,48.9,0,8.36,0,1.012565156,-34.05843987,220,5,1.1,0.9
5174,1,0,0,0,8.19,0,1.04477235,-21.06165899,220,5,1.1,0.9
5179,1,179.8,5.67,0,12.83,0,1.049222638,-30.79539183,220,5,1.1,0.9
5182,1,0,0,0,0.18,0,1.042463242,-7.966079155,220,5,1.1,0.9
5212,1,0,0,0,0.2,0,1.043480629,-11.34416206,220,5,1.1,0.9
5213,1,246.8,36.3,0,16.01,0,1.046227561,-26.3759195,220,5,1.1,0.9
5215,1,0,0,0,0.89,0,1.029748463,-5.86456304,220,5,1.1,0.9
5233,1,0,0,0,14.04,0,1.039637036,-10.83431153,220,5,1.1,0.9
5237,2,0,0,0,0,0,1.052719,-14.77622814,220,5,1.1,0.9
5241,1,0,0,0,70.905048,0,1.029183505,-3.520048293,380,5,1.1,0.9
5256,1,91,36,0,5.47,0,1.003129903,-16.71655077,220,5,1.1,0.9
5257,1,0,0,0,0.18,0,1.047760794,-6.224664372,220,5,1.1,0.9
5270,1,0,0,0,7.4,0,1.039716207,-21.14066143,220,5,1.1,0.9
5278,2,0,0,0,0,0,1.042037,-24.29328174,220,5,1.1,0.9
5286,1,17.22,5.1,0,0.99,0,1.036792139,-22.18818897,220,5,1.1,0.9
5288,1,0,0,0,3.06,0,0.9971804466,-15.15673138,380,5,1.1,0.9
5297,1,55.26,11,0,7.68,0,1.041403101,-24.39677589,220,5,1.1,0.9
5300,1,0,0,0,1.3,0,1.045071892,-11.24698519,220,5,1.1,0.9
5308,1,0,0,0,42.19206,0,0.98363783,-18.21389739,380,5,1.1,0.9
5317,1,293.2,87.4,0,26.36,0,1.028697796,-44.53594761,220,5,1.1,0.9
5334,1,17.52,6.6,0,3.79,0,1.033615591,-12.9440581,220,5,1.1,0.9
5340,2,0,0,0,0,0,1.054941,-11.25899311,220,5,1.1,0.9
5341,1,64.27,17.5,0,0.43,0,1.009668732,-21.67769661,220,5,1.1,0.9
5350,1,0,0,0,28.208233,0,0.9810240257,-24.79393206,380,5,1.1,0.9
5351,1,0,0,0,3.28,0,1.034560636,-14.05350954,220,5,1.1,0.9
5354,1,70.18,19.5,0,3.59,0,1.045362874,-8.626757559,220,5,1.1,0.9
5362,1,152.73,-17.2,0,45.85,0,1.0433534,-24.26168246,220,5,1.1,0.9
5365,1,0,0,0,0,0,1.061555581,-11.58565387,220,5,1.1,0.9
5379,2,0,0,0,0,0,1.107976,-6.774443098,380,5,1.3,0.7
5383,1,0,0,0,24.7,0,1.04724478,-24.52417348,220,5,1.1,0.9
5388,1,159.5,42,0,2.3,0,1.011683787,-14.81721458,220,5,1.1,0.9
5393,1,0,0,0,9.43,0,1.065855751,-15.31367546,220,5,1.1,0.9
5395,2,0,0,0,0,0,1.048137,-27.62482723,220,5,1.1,0.9
5400,1,241.62,52.78,0,0.82,0,1.025607284,-14.05026349,220,5,1.1,0.9
5410,1,69.78,26,0,5.18,0,1.045419593,-21.42634108,220,5,1.1,0.9
5413,1,0,0,0,5.57,0,1.035404973,-18.10970008,220,5,1.1,0.9
5417,1,32.74,5.3,0,3.07,0,1.057575791,-12.21665506,220,5,1.1,0.9
5418,1,0,0,0,3.96,0,1.03756051,-21.3062189,220,5,1.1,0.9
5419,1,349.3,144.3,0,0.54,0,1.021184032,-15.15806032,220,5,1.1,0.9
5420,1,56.96,1.94,0,26.48,0,1.012887126,-23.12590276,380,5,1.1,0.9
5421,1,0,0,0,0.92,0,0.9971788451,-15.15665609,380,5,1.1,0.9
5441,1,138.01,34.55,0,8.44,0,1.037845042,-2.306301067,220,5,1.1,0.9
5455,1,0,0,0,5.27,0,1.042457765,-7.966040995,220,5,1.1,0.9
5458,1,0,0,0,9.09,0,1.037948724,-21.44734811,220,5,1.1,0.9
5460,1,-15.89,-6.42,0,38.657071,0,0.9918920322,-18.33470223,380,5,1.1,0.9
5461,1,0,0,0,0,0,1.062015629,-18.58463557,380,5,1.1,0.9
5469,1,106.6,-18.8,0,4.1,0,1.067351677,-39.38746028,220,5,1.1,0.9
5477,1,0,0,0,18.02,0,1.073986051,-26.2031992,220,5,1.1,0.9
5481,2,0,0,0,0,0,1.063711,-9.093257195,380,5,1.1,0.9
5482,2,0,0,0,0,0,1.044486,-7.259845766,220,5,1.1,0.9
5486,2,0,0,0,0,0,1.059636,4.534492384,380,5,1.1,0.9
5488,2,0,0,0,0,0,1.041881,-29.97083822,220,5,1.1,0.9
5490,2,0,0,0,0,0,1.068845,-15.386321,380,5,1.1,0.9
5502,1,0,0,0,0.58,0,1.038327889,-20.54512167,220,5,1.1,0.9
5519,1,0,0,0,1.98,0,1.047493192,-24.58477272,220,5,1.1,0.9
5522,1,0,0,0,1.18,0,1.068861758,0.7463490319,220,5,1.1,0.9
5525,1,236.33,59.35,0,18.71,0,1.034370817,-14.03937863,220,5,1.1,0.9
5529,1,0,0,0,0.36,0,1.037865069,-2.306480521,220,5,1.1,0.9
5533,2,0,0,0,0,0,1.038212,-13.57994104,220,5,1.1,0.9
5546,2,0,0,0,0,0,1.05378,-23.96781021,220,5,1.1,0.9
5550,1,0,0,0,10.83,0,1.033537346,-26.10770647,220,5,1.1,0.9
5564,2,0,0,0,0,0,1.04123,-12.60315624,220,5,1.1,0.9
5567,1,0,0,0,3.59,0,1.011560632,-19.00801973,220,5,1.1,0.9
5571,1,0,0,0,1.01,0,1.036009139,-22.50553319,220,5,1.1,0.9
5573,1,0,0,0,2.94,0,1.059029575,-23.57338777,220,5,1.1,0.9
5574,1,99.7,6,0,2.06,0,1.039087323,-11.97437283,220,5,1.1,0.9
5586,1,0,0,0,0,0,1.056442815,2.456149746,220,5,1.1,0.9
5589,1,0,0,0,173.904854,0,1.034587709,-30.85656174,380,5,1.1,0.9
5610,1,99.5,9.2,0,27.55,0,1.045561451,-24.19418362,220,5,1.1,0.9
5616,1,225.2,35.2,0,11.99,0,1.076247314,-35.26840701,220,5,1.1,0.9
5627,1,0,0,0,0.53,0,1.02880915,-32.14664914,220,5,1.1,0.9
5630,1,0,0,0,11.52,0,1.043504228,-4.109913236,220,5,1.1,0.9
5641,1,0,0,0,5.98,0,1.049331524,-26.30944127,220,5,1.1,0.9
5648,1,0,0,0,115.528858,0,0.993896701,-13.45284033,380,5,1.1,0.9
5653,1,96.59,7.28,0,2.52,0,1.045503037,-7.648798826,220,5,1.1,0.9
5658,1,0,0,0,0,0,0.9974924878,-23.95361076,380,5,1.1,0.9
5664,2,0,0,0,0,0,1.070507,1.001660896,220,5,1.1,0.9
5666,1,124.8,34.7,0,3.66,0,1.045928791,-10.85387909,220,5,1.1,0.9
5686,1,52.26,19.6,0,2.64,0,1.030502223,-10.17128572,220,5,1.1,0.9
5688,1,14.12,5.2,0,1.44,0,1.0338719,-8.050856785,220,5,1.1,0.9
5691,1,195.1,-14.2,0,12.89,0,1.061145767,-45.2946916,220,5,1.1,0.9
5695,1,142.8,20.3,0,6.77,0,1.047532673,-27.31239191,220,5,1.1,0.9
5699,1,0,0,0,0.59,0,1.049081041,-6.474501401,220,5,1.1,0.9
5709,2,0,0,0,0,0,1.027078,-8.569286104,380,5,1.1,0.9
5712,1,183.07,44.65,0,2.77,0,1.044454447,-4.600638307,220,5,1.1,0.9
5720,1,337.6,-15.4,0,6.27,0,1.045357765,-25.46559232,220,5,1.1,0.9
5723,1,141.2,45.4,0,7.55,0,1.045107911,-9.662650024,220,5,1.1,0.9
5735,1,161.3,10.04,0,4.38,0,1.060184127,-27.05811636,220,5,1.1,0.9
5738,1,0,0,0,8.13,0,1.013789877,-10.51643555,220,5,1.1,0.9
5743,1,0,0,0,4.28,0,1.050858693,-24.18337429,220,5,1.1,0.9
5753,1,0,0,0,1.81,0,1.03404903,-2.699633749,220,5,1.1,0.9
5764,1,99.4,4.3,0,3.69,0,1.021115455,-25.7026836,220,5,1.1,0.9
5781,2,0,0,0,0,0,1.0396,-11.78003512,380,5,1.1,0.9
5789,1,0,0,0,0.35,0,1.003998358,-16.07914186,220,5,1.1,0.9
5799,1,0,0,0,1.38,0,1.043705617,-32.31312793,220,5,1.1,0.9
5803,1,0,0,0,0.35,0,1.043773782,-14.07933618,220,5,1.1,0.9
5814,2,0,0,0,0,0,1.044051,-11.93151402,220,5,1.1,0.9
5836,1,244.09,48.92,0,5.96,0,1.040114423,-12.28961431,220,5,1.1,0.9
5837,1,0,0,0,132.04744,0,1.019560202,-10.13593224,380,5,1.1,0.9
5853,1,122.5,38.9,0,0.84,0,1.042789608,-7.406934553,220,5,1.1,0.9
5856,2,0,0,0,0,0,1.038417,-11.65790689,220,5,1.1,0.9
5857,1,78.39,21.2,0,0.97,0,1.057403241,-21.05904562,220,5,1.1,0.9
5881,2,0,0,0,0,0,1.065605,-10.39563846,220,5,1.1,0.9
5891,1,14.02,5.5,0,3.3,0,1.036489087,-12.23083606,220,5,1.1,0.9
5907,1,186.1,14.8,0,17.28,0,1.046783145,-8.460005154,220,5,1.1,0.9
5918,1,73.83,16.41,0,15.77,0,1.051228033,-26.06455334,220,5,1.1,0.9
5926,1,0,0,0,3.98,0,1.071857793,-48.06401399,220,5,1.1,0.9
5935,1,0,0,0,5.75,0,1.064688838,-22.35929698,220,5,1.1,0.9
5940,2,0,0,0,0,0,1.030075,-14.5931731,220,5,1.1,0.9
5944,1,71.88,21.7,0,9.63,0,1.059342555,-26.01092303,220,5,1.1,0.9
5957,1,208.06,36.6,0,3.55,0,1.024062444,-16.20168212,220,5,1.1,0.9
5971,2,0,0,0,0,0,1.070056,4.918366978,380,5,1.3,0.7
5983,1,0,0,0,0,0,1.062358391,-15.01889313,380,5,1.1,0.9
5987,1,24.04,1.68,0,4.02,0,1.03673839,-13.99878439,220,5,1.1,0.9
5990,1,0,0,0,4.53,0,1.023102637,-10.19069041,220,5,1.1,0.9
5993,1,0,0,0,2.75,0,1.043476079,-11.3441059,220,5,1.1,0.9
5994,2,0,0,0,0,0,1.029184,-15.34930547,220,5,1.1,0.9
6010,1,0,0,0,1.35,0,1.075783798,-23.67683375,220,5,1.1,0.9
6031,1,0,0,0,2.22,0,1.041562332,-15.77840167,220,5,1.1,0.9
6036,2,0,0,0,0,0,1.043738,-0.8545604331,380,5,1.1,0.9
6041,1,0,0,0,0.53,0,1.071899776,-48.06429003,220,5,1.1,0.9
6053,1,412.1,79.3,0,7.73,0,1.057936567,-26.74313513,220,5,1.1,0.9
6071,1,163.5,35.6,0,4.59,0,1.035643415,-16.36735895,220,5,1.1,0.9
6101,1,103,40.2,0,1.13,0,1.02676035,-10.84603867,220,5,1.1,0.9
6104,1,93.12,4.99,0,0.18,0,1.056195554,-12.13438712,220,5,1.1,0.9
6110,1,78.59,16,0,1.87,0,1.056555085,-35.96679523,220,5,1.1,0.9
6112,1,45.28,15.27,0,7.88,0,1.02418438,-9.27852257,220,5,1.1,0.9
6114,1,0,0,0,8.78,0,1.048496279,-10.49590799,220,5,1.1,0.9
6115,1,0,0,0,1.18,0,1.032324432,-8.785569396,220,5,1.1,0.9
6119,1,221.25,72.56,0,8.23,0,1.034674659,-16.0380013,220,5,1.1,0.9
6146,1,0,0,0,3.15,0,1.028046193,-12.12636225,220,5,1.1,0.9
6151,1,60.67,33.2,0,0.31,0,1.031425052,-24.047799,220,5,1.1,0.9
6153,2,0,0,0,0,0,0.988112,-14.610798,380,5,1.1,0.9
6163,1,0,0,0,4.96,0,1.035253551,-21.98281997,220,5,1.1,0.9
6168,2,0,0,0,0,0,1.040343,-13.35887263,220,5,1.1,0.9
6178,1,91,28.4,0,10.57,0,1.04022318,-24.63594652,220,5,1.1,0.9
6194,1,0,0,0,3.14,0,1.018378096,-16.37079861,220,5,1.1,0.9
6199,1,-4.82,-0.88,0,224.85,0,1.072578956,-12.55775954,380,5,1.1,0.9
6203,1,14.02,5.6,0,2.34,0,1.070069232,-27.39925259,220,5,1.1,0.9
6206,1,-7.62,-2.52,0,33.197994,0,1.037573453,0.07439155734,380,5,1.1,0.9
6219,1,0,0,0,0.22,0,1.033622597,-12.94412743,220,5,1.1,0.9
6220,1,231.9,27.6,0,0.36,0,1.052611005,-23.08584184,220,5,1.1,0.9
6224,1,0,0,0,58.990785,0,0.9997414685,-12.93564067,380,5,1.1,0.9
6231,1,0,0,0,11.5,0,1.034258117,-8.003599806,220,5,1.1,0.9
6232,1,49.25,12,0,7.28,0,1.04161701,-25.85862426,220,5,1.1,0.9
6240,1,0,0,0,6.31,0,1.075588663,-34.27637772,220,5,1.1,0.9
6246,1,1769.94,-353.95,0,62.59,0,1.019299869,-37.30819585,380,5,1.1,0.9
6252,1,164.7,44.5,0,3.67,0,1.020382456,-30.15189258,220,5,1.1,0.9
6253,1,128.8,29.3,0,26.74,0,1.041857298,-25.81761225,220,5,1.1,0.9
6267,1,91.3,18.1,0,3.05,0,1.041192331,-24.42856561,220,5,1.1,0.9
6271,1,3.7,2.6,0,4.45,0,1.054197643,-20.10362069,220,5,1.1,0.9
6290,1,47.65,20.4,0,3.63,0,1.062688136,-12.76468705,220,5,1.1,0.9
6291,1,0,0,0,0,0,1.03685713,-24.20081274,220,5,1.1,0.9
6306,1,0,0,0,2.13,0,1.076897233,-24.34256891,220,5,1.1,0.9
6308,1,0,0,0,0.05,0,1.04334593,-25.60896303,220,5,1.1,0.9
6313,1,48.95,14.9,0,4.04,0,1.032801749,-23.94983751,220,5,1.1,0.9
6331,2,0,0,0,0,0,1.052181,-0.8106949193,220,5,1.1,0.9
6332,2,0,0,0,0,0,1.062214,-11.42820519,220,5,1.1,0.9
6337,1,0,0,0,8.26,0,1.090709461,-9.621788421,380,5,1.1,0.9
6351,2,0,0,0,0,0,1.064446,-16.1112005,220,5,1.1,0.9
6357,1,430.8,107.9,0,11.64,0,0.9859779383,-24.82158649,220,5,1.1,0.9
6368,2,0,0,0,0,0,1.043835,-8.285033845,220,5,1.1,0.9
6371,1,0,0,0,0.35,0,1.046239859,-0.7933588875,220,5,1.1,0.9
6376,2,0,0,0,0,0,1.046714,-0.2587460253,220,5,1.1,0.9
6382,1,75.43,10.49,0,7.91,0,1.041961735,-9.637130274,220,5,1.1,0.9
6384,1,159.9,47.4,0,3.65,0,1.042953425,-1.613108097,220,5,1.1,0.9
6405,1,76.48,19.8,0,5.41,0,1.016596353,-16.06459538,220,5,1.1,0.9
6416,1,67.67,16.4,0,3.7,0,1.044575397,-10.12878076,220,5,1.1,0.9
6426,1,10.21,3.8,0,4.6,0,1.054967796,1.573402197,220,5,1.1,0.9
6427,1,83.19,22.9,0,28.5,0,1.004286391,-13.12160103,380,5,1.1,0.9
6429,2,0,0,0,0,0,1.039574,-18.36890966,220,5,1.1,0.9
6430,1,0,0,0,6.03,0,1.05167166,-28.95800108,220,5,1.1,0.9
6450,1,5.51,2.1,0,1.92,0,1.010193007,-10.90609981,220,5,1.1,0.9
6455,1,20.52,13.3,0,0.17,0,1.038058465,-22.07852172,220,5,1.1,0.9
6472,1,0,0,0,9.93,0,1.042446772,-24.02996843,220,5,1.1,0.9
6474,2,0,0,0,0,0,1.06557,-7.893194794,220,5,1.1,0.9
6475,1,0,0,0,149.047157,0,1.026505696,-8.745255729,380,5,1.1,0.9
6478,1,141.2,34.8,0,2.37,0,1.011794152,-14.43838003,220,5,1.1,0.9
6486,1,31.74,17.4,0,0.89,0,1.048526182,-4.012032509,220,5,1.1,0.9
6495,1,49.66,12.3,0,2.2,0,1.042757995,-21.81929514,220,5,1.1,0.9
6510,1,88.2,26.7,0,8.91,0,1.047970781,-26.61780147,220,5,1.1,0.9
6516,2,0,0,0,0,0,1.052452,-3.623723772,220,5,1.1,0.9
6521,1,0,0,0,2.3,0,1.046337562,-4.758858768,220,5,1.1,0.9
6532,1,120.69,18.1,0,15.46,0,1.075731398,-31.63178388,220,5,1.1,0.9
6552,2,0,0,0,0,0,1.048796,-21.19396532,220,5,1.1,0.9
6555,1,-37.81,-21.64,0,83.362314,0,1.008552831,-43.80922522,380,5,1.1,0.9
6556,1,0,0,0,4.61,0,1.05125626,-12.77716258,220,5,1.1,0.9
6563,1,0,0,0,8.94,0,1.040596485,-24.68341177,220,5,1.1,0.9
6565,1,0,0,0,4.05,0,1.033260514,-7.202803102,220,5,1.1,0.9
6570,1,0,0,0,32.43,0,1.045282052,-20.79785876,220,5,1.1,0.9
6581,1,153.8,23.4,0,87.73,0,1.042858665,-2.417292587,380,5,1.1,0.9
6612,1,41.14,15.25,0,3.96,0,1.047905405,-32.0207293,220,5,1.1,0.9
6616,1,0,0,0,3.06,0,1.044855295,-15.93032313,220,5,1.1,0.9
6619,1,0,0,0,10.67,0,1.050011418,-15.49882207,220,5,1.1,0.9
6624,1,-37.33,-11.88,0,145.18,0,1.058662405,4.299576185,380,5,1.1,0.9
6629,1,62.63,16.3,0,2.03,0,1.053034457,-11.38523297,220,5,1.1,0.9
6630,1,134.1,24.8,0,13.73,0,1.038378511,-24.18812627,220,5,1.1,0.9
6636,1,0,0,0,0.31,0,1.036575798,0.4986875032,220,5,1.1,0.9
6638,1,61.65,10.24,0,3.48,0,1.020412285,-14.95901934,220,5,1.1,0.9
6639,1,388.04,52.61,0,2.87,0,1.050285014,-2.477593863,220,5,1.1,0.9
6648,1,-26.03,-0.84,0,0.1,0,1.061631063,-11.57241912,220,5,1.1,0.9
6664,1,0,0,0,10.68,0,1.069396277,-46.38350874,220,5,1.1,0.9
6675,1,37.94,7.5,0,11.89,0,1.035234476,-23.31335812,220,5,1.1,0.9
6684,1,0,0,0,9.84,0,1.043345392,-25.60895527,220,5,1.1,0.9
6691,1,42.55,12.5,0,1.26,0,1.083988214,-34.10492097,220,5,1.1,0.9
6692,1,10.33,3.3,0,4.65,0,1.018609471,-15.62683203,220,5,1.1,0.9
6697,1,309,74.5,0,3.69,0,1.046013382,-37.1251143,220,5,1.1,0.9
6714,1,0,0,0,0.3,0,1.04623787,-0.793328205,220,5,1.1,0.9
6723,1,0,0,0,1.58,0,1.032514127,-9.409812001,220,5,1.1,0.9
6730,1,0,0,0,2.18,0,1.038096325,-21.11145878,220,5,1.1,0.9
6734,2,0,0,0,0,0,1.061492,-3.492737273,220,5,1.1,0.9
6735,1,0,0,0,0.4,0,1.04172527,-1.308884525,380,5,1.1,0.9
6737,1,0,0,0,9.74,0,1.021134849,-10.50500691,220,5,1.1,0.9
6738,1,-4.91,-2.53,0,120.576812,0,1.029022834,-24.81680398,380,5,1.1,0.9
6742,1,137.4,23.9,0,7.26,0,1.036936043,-21.52533532,220,5,1.1,0.9
6744,1,244.12,95.29,0,7.55,0,1.033482855,-10.20880862,220,5,1.1,0.9
6757,1,0,0,0,6.57,0,1.040087843,-1.130568678,380,5,1.1,0.9
6763,1,0,0,0,5.46,0,1.043415555,-24.2624646,220,5,1.1,0.9
6772,1,61.37,23.2,0,0.22,0,1.045168548,-24.12348704,220,5,1.1,0.9
6773,1,0,0,0,2.18,0,1.041960557,-24.30748699,220,5,1.1,0.9
6785,1,0,0,0,8.9,0,1.0540571,-0.8243817292,220,5,1.1,0.9
6791,1,46.35,9.1,0,18.2,0,1.045602612,-25.28983139,220,5,1.1,0.9
6802,1,0,0,0,7.43,0,1.034486079,-5.723453994,220,5,1.1,0.9
6806,1,135.84,15.97,0,4.57,0,1.046291536,-21.31581661,220,5,1.1,0.9
6807,2,0,0,0,0,0,1.006037,-16.32866307,220,5,1.1,0.9
6816,2,0,0,0,0,0,1.053803,-24.44418085,220,5,1.1,0.9
6820,2,0,0,0,0,0,1.049557,-6.593252836,220,5,1.1,0.9
6828,1,58.16,16.5,0,6.24,0,1.037107415,-13.49336391,220,5,1.1,0.9
6831,2,0,0,0,0,0,1.031347,-9.731284347,220,5,1.1,0.9
6837,1,47.75,11,0,0.05,0,1.050284433,-7.898351481,220,5,1.1,0.9
6842,1,98,21.7,0,6,0,1.037756966,-8.421372361,220,5,1.1,0.9
6844,1,0,0,0,1.04,0,1.01596575,-29.31290582,220,5,1.1,0.9
6845,2,0,0,0,0,0,1.055216,-11.23973566,220,5,1.1,0.9
6846,1,44.35,19.3,0,3.25,0,1.053076015,-4.637958098,220,5,1.1,0.9
6852,2,0,0,0,0,0,1.031296,-19.93057393,220,5,1.1,0.9
6854,1,0,0,0,0,0,1.053530754,-11.33390758,220,5,1.1,0.9
6857,2,0,0,0,0,0,1.021411,-8.616905052,380,5,1.1,0.9
6880,1,0,0,0,1.36,0,1.045225324,-4.483097943,220,5,1.1,0.9
6887,1,0,0,0,3.13,0,1.045228306,-3.06431819,220,5,1.1,0.9
6888,2,0,0,0,0,0,1.039234,-13.59130295,220,5,1.1,0.9
6889,1,-12.49,-5.83,0,6.235224,0,1.040003073,2.37296151,380,5,1.1,0.9
6891,1,135.61,26.86,0,1.93,0,1.042125294,-14.39171006,220,5,1.1,0.9
6897,1,176.8,39.4,0,28.24,0,1.053956635,-16.80232973,380,5,1.1,0.9
6901,1,-37.84,-19.23,0,28.140258,0,1.010109487,-32.37822094,380,5,1.1,0.9
6908,1,0,0,0,3.01,0,1.036484044,-40.17747752,220,5,1.1,0.9
6909,1,122.5,8.7,0,15.85,0,1.036044182,-23.15197834,220,5,1.1,0.9
6921,1,-37.34,-13.33,0,251.529665,0,1.034297441,-1.556754271,380,5,1.1,0.9
6922,1,113.6,44.7,0,1.91,0,1.036504307,-8.564422767,220,5,1.1,0.9
6926,1,124.5,101.4,0,0.53,0,1.032621762,-12.44111755,220,5,1.1,0.9
6940,1,0,0,0,10.46,0,1.053241842,-27.94553418,220,5,1.1,0.9
6947,2,0,0,0,0,0,1.051367,-3.772187564,220,5,1.1,0.9
6952,1,180.9,33.2,0,29.17,0,1.07440303,-25.18616179,220,5,1.1,0.9
6954,1,18.12,10,0,1.03,0,1.033788991,-20.08270982,220,5,1.1,0.9
6961,1,56.56,18.4,0,3.29,0,1.046701898,0.00434912875,220,5,1.1,0.9
6969,2,0,0,0,0,0,1.059486,-23.45150399,220,5,1.1,0.9
6982,2,0,0,0,0,0,1.036531,-21.08437926,220,5,1.1,0.9
6989,1,0,0,0,1.91,0,1.046045206,-24.03257057,220,5,1.1,0.9
6990,1,0,0,0,4.54,0,1.04812112,-24.15148787,220,5,1.1,0.9
7014,1,0,0,0,0.3,0,1.042744303,-2.641916621,220,5,1.1,0.9
7019,1,52.56,12.8,0,2.87,0,1.041275048,-25.88268296,220,5,1.1,0.9
7021,1,226.8,53.3,0,3.26,0,1.005929031,-17.22301523,220,5,1.1,0.9
7030,1,0,0,0,0.19,0,1.065574233,-7.893225384,220,5,1.1,0.9
7036,2,0,0,0,0,0,1.041241,-12.59534316,220,5,1.1,0.9
7042,1,220.98,91,0,1.16,0,1.054979536,-30.32133393,220,5,1.1,0.9
7047,1,339.9,70.5,0,28.91,0,1.03551987,-21.92464045,220,5,1.1,0.9
7049,2,0,0,0,0,0,1.049669,-14.36884679,220,5,1.1,0.9
7050,1,120,26,0,22.01,0,1.037620069,-21.27173991,220,5,1.1,0.9
7052,1,111,36.6,0,2.21,0,1.047762417,-12.41642512,220,5,1.1,0.9
7056,1,0,0,0,0,0,1.006483068,-4.359049924,380,5,1.1,0.9
7069,1,258.79,42.82,0,9.28,0,1.041720641,-7.923685209,220,5,1.1,0.9
7070,1,142.9,25.8,0,24.18,0,1.051036908,-13.47620979,220,5,1.1,0.9
7076,1,0,0,0,0.36,0,1.032397107,-12.52858823,220,5,1.1,0.9
7092,1,44.65,8.8,0,20.17,0,1.046803164,-25.16089701,220,5,1.1,0.9
7098,1,0,0,0,7.17,0,1.040301155,-1.823488618,220,5,1.1,0.9
7115,2,0,0,0,0,0,1.008722,-15.99950614,220,5,1.1,0.9
7119,1,149.53,34.9,0,8.9,0,1.011544348,-16.36977683,220,5,1.1,0.9
7124,1,0,0,0,16.73,0,1.071649559,-27.23093534,220,5,1.1,0.9
7129,1,33.34,5,0,0.38,0,1.037714052,-2.32698805,220,5,1.1,0.9
7132,1,222,90.5,0,0.16,0,1.017442416,-15.82578483,220,5,1.1,0.9
7133,1,102.3,19,0,1.84,0,1.034900593,-14.18419768,220,5,1.1,0.9
7144,1,8.48,-1.82,0,0.37,0,1.029975391,-13.25392844,220,5,1.1,0.9
7148,1,0,0,0,10.89,0,1.050683436,-23.3389823,220,5,1.1,0.9
7159,2,0,0,0,0,0,1.059575,4.539539243,380,5,1.1,0.9
7162,1,0,0,0,2.48,0,1.051200302,-13.47871489,220,5,1.1,0.9
7163,1,0,0,0,2.9,0,1.048683184,-24.92824589,220,5,1.1,0.9
7164,1,-18.6,-6.72,0,152.683271,0,1.02157943,-22.32004801,380,5,1.1,0.9
7165,1,0,0,0,9.26,0,1.070941282,-34.23614202,220,5,1.1,0.9
7178,1,0,0,0,2.45,0,1.015127686,-14.30079161,220,5,1.1,0.9
7183,2,0,0,0,0,0,1.107733,-6.827283354,380,5,1.3,0.7
7202,1,18.62,6.1,0,2,0,1.050711009,-3.960075399,220,5,1.1,0.9
7209,2,0,0,0,0,0,1.051113,-6.475985571,220,5,1.1,0.9
7222,1,0,0,0,5,0,1.068635816,-23.95728406,220,5,1.1,0.9
7226,1,144,31.3,0,3.18,0,1.022056742,-15.6096052,220,5,1.1,0.9
7231,1,0,0,0,0.05,0,1.039984354,-11.85929015,220,5,1.1,0.9
7253,1,7.51,3.1,0,0,0,1.048574849,-2.470730777,220,5,1.1,0.9
7256,1,392.25,92.02,0,9.45,0,1.021556409,-33.38659889,220,5,1.1,0.9
7259,1,82.39,0,0,0.15,0,1.065370796,-7.961413042,220,5,1.1,0.9
7264,1,0,0,0,3.42,0,1.042753196,-11.24223905,220,5,1.1,0.9
7266,1,0,0,0,2.12,0,1.032847329,-5.509288751,220,5,1.1,0.9
7267,1,0,0,0,0,0,1.007442609,-7.64757969,380,5,1.1,0.9
7273,1,219.6,36.4,0,17.89,0,1.042634303,-24.33008227,220,5,1.1,0.9
7274,1,54.93,16.5,0,6.75,0,1.040091353,-3.930834462,220,5,1.1,0.9
7282,2,0,0,0,0,0,1.034538,-4.718722956,380,5,1.1,0.9
7284,1,0,0,0,0,0,1.094517358,-0.9302669753,220,5,1.1,0.9
7289,1,0,0,0,26.5,0,1.053769546,-6.169434411,220,5,1.1,0.9
7309,1,0,0,0,1.32,0,1.053530754,-11.33390758,220,5,1.1,0.9
7316,1,0,0,0,0.09,0,1.044717031,-7.226395575,220,5,1.1,0.9
7325,1,0,0,0,0.41,0,1.051263544,-12.77722624,220,5,1.1,0.9
7327,2,0,0,0,0,0,1.043172,-18.10279156,220,5,1.1,0.9
7328,1,0,0,0,0,0,0.9844690143,-14.52489576,380,5,1.1,0.9
7338,1,0,0,0,2.98,0,1.041819632,-14.77827452,220,5,1.1,0.9
7341,1,37.44,0,0,0.67,0,1.040034529,-1.965385683,220,5,1.1,0.9
7342,1,169,70.8,0,5.23,0,1.01839653,-16.12814925,220,5,1.1,0.9
7351,1,61.67,16.3,0,0.05,0,1.037615686,-2.330371051,220,5,1.1,0.9
7353,1,127.3,26.7,0,7.02,0,0.982669185,-22.48949585,220,5,1.1,0.9
7361,1,0,0,0,14.29,0,1.0535136,-15.36314599,220,5,1.1,0.9
7367,1,1.5,0.4,0,0.15,0,1.027611513,-18.92562722,220,5,1.1,0.9
7373,1,0,0,0,1.81,0,1.070600444,-23.63089802,220,5,1.1,0.9
7377,1,0,0,0,0.63,0,1.01416753,-16.1675126,220,5,1.1,0.9
7380,1,105.67,0.56,0,18.05,0,0.9908548802,-14.5852447,380,5,1.1,0.9
7396,1,0,0,0,5.68,0,1.018448059,-19.67314863,220,5,1.1,0.9
7422,1,65.67,25.6,0,2.34,0,1.033650745,-10.7954297,220,5,1.1,0.9
7437,1,18.32,5.3,0,7.32,0,1.043538048,-25.65126442,220,5,1.1,0.9
7438,1,121.3,20.7,0,2.39,0,1.035645509,-12.91812037,220,5,1.1,0.9
7464,1,197.65,28.23,0,5.87,0,1.040985664,-12.6204011,220,5,1.1,0.9
7466,2,0,0,0,0,0,1.057257,-35.86469273,220,5,1.1,0.9
7471,1,-18.95,-6.93,0,33.11439,0,1.020365834,-6.073922001,380,5,1.1,0.9
7473,1,113.44,71.42,0,11.08,0,1.033897379,-15.94720596,220,5,1.1,0.9
7474,2,0,0,0,0,0,1.027108,-14.34343054,220,5,1.1,0.9
7485,1,44.35,10.8,0,8.72,0,1.041281317,-25.89090028,220,5,1.1,0.9
7491,1,0,0,0,4.29,0,1.0107706,-21.49875764,220,5,1.1,0.9
7495,2,0,0,0,0,0,1.035256,-15.2292017,220,5,1.1,0.9
7507,1,4,0.8,0,17.65,0,1.047837904,-24.14753084,220,5,1.1,0.9
7513,1,0,0,0,38.549494,0,0.9925330675,-15.05451665,380,5,1.1,0.9
7519,1,97.97,31.8,0,5.02,0,1.036766202,-10.78880808,220,5,1.1,0.9
7520,2,0,0,0,0,0,1.037447,-9.26255118,380,5,1.1,0.9
7522,2,0,0,0,0,0,0.99994,-10.97785854,380,5,1.1,0.9
7523,1,0,0,0,2.11,0,1.052160606,-0.685187055,220,5,1.1,0.9
7530,1,0,0,0,31.242294,0,1.044494909,-19.95829023,380,5,1.1,0.9
7537,1,0,0,0,17.184121,0,0.9889847574,-15.63711248,380,5,1.1,0.9
7539,1,40.85,15.7,0,2.08,0,1.053255472,-12.44802938,220,5,1.1,0.9
7541,1,346.42,89.04,0,43.55,0,1.053949693,-16.51872678,380,5,1.1,0.9
7571,1,0,0,0,13.9,0,1.044891564,-14.0418375,220,5,1.1,0.9
7576,1,0,0,0,0.5,0,1.040128672,-12.28976042,220,5,1.1,0.9
7577,1,0,0,0,6.69,0,1.047964411,-10.57573899,220,5,1.1,0.9
7579,1,136.9,11.4,0,3.05,0,1.030338634,-26.87952468,220,5,1.1,0.9
7580,1,0,0,0,0.17,0,1.056740079,-12.01371279,220,5,1.1,0.9
7582,1,0,0,0,3.44,0,1.034667396,-24.48597482,220,5,1.1,0.9
7583,1,5.01,1.8,0,3.68,0,1.047440826,-0.8963525485,220,5,1.1,0.9
7599,1,0,0,0,2.13,0,1.034498881,-5.723721265,220,5,1.1,0.9
7624,1,32.74,10.5,0,1.78,0,1.014458054,-20.92615901,220,5,1.1,0.9
7626,1,78.89,45.6,0,0.04,0,1.032166269,-12.54489156,220,5,1.1,0.9
7635,1,0,0,0,1.86,0,1.049977157,-7.875021094,220,5,1.1,0.9
7640,1,68.78,35,0,34.52,0,1.032765878,-6.017627102,380,5,1.1,0.9
7641,2,0,0,0,0,0,1.051427,-6.231324947,220,5,1.1,0.9
7647,1,0,0,0,0.1,0,1.063506441,-20.16080442,220,5,1.1,0.9
7653,1,33.94,11.4,0,0,0,1.036728762,-22.79047284,220,5,1.1,0.9
7663,1,37.14,2.7,0,2.33,0,1.042176794,-12.06775497,220,5,1.1,0.9
7691,1,0,0,0,96.48,0,1.02684528,-3.915056583,380,5,1.1,0.9
7694,1,-14.96,-4.7,0,0.04,0,1.027077737,-14.87419125,220,5,1.1,0.9
7697,2,0,0,0,0,0,1.052424,-3.604735594,220,5,1.1,0.9
7700,1,66.17,27.4,0,14.12,0,1.018427983,-10.50027353,220,5,1.1,0.9
7702,1,0,0,0,11.68,0,1.017327973,-16.3555284,220,5,1.1,0.9
7726,1,0,0,0,2.03,0,1.018318913,-10.4656379,220,5,1.1,0.9
7738,1,31.84,9.2,0,5.23,0,1.027754045,-22.13438712,220,5,1.1,0.9
7752,1,524.5,126,0,7.45,0,1.029789884,-18.48062892,220,5,1.1,0.9
7766,1,78.89,25.6,0,1.6,0,1.033091062,-12.90937921,220,5,1.1,0.9
7770,1,207.9,32.36,0,8.31,0,1.031062075,-44.52290689,220,5,1.1,0.9
7772,1,223.6,51.8,0,18.45,0,1.05264048,-25.83690927,220,5,1.1,0.9
7775,1,151.5,7.9,0,5,0,1.050369284,-29.17297949,220,5,1.1,0.9
7776,2,0,0,0,0,0,1.072261,6.170199111,380,5,1.3,0.7
7778,1,153,21.5,0,28.85,0,1.055128356,-16.71986549,380,5,1.1,0.9
7791,1,0,0,0,1.33,0,1.029974833,-13.23373445,220,5,1.1,0.9
7797,1,0,0,0,2.09,0,1.049778861,-24.15670963,220,5,1.1,0.9
7808,2,0,0,0,0,0,1.054562,-0.1686997972,380,5,1.1,0.9
7809,1,169.5,27.7,0,3.04,0,1.024955253,-11.4922889,220,5,1.1,0.9
7824,1,9.21,3.4,0,2.63,0,1.047756418,-6.224621159,220,5,1.1,0.9
7831,1,-17.17,-7.1,0,57.019803,0,1.006345323,-11.42174259,380,5,1.1,0.9
7840,1,-19.28,29.9,0,1.6,0,1.048926461,-2.438865628,220,5,1.1,0.9
7842,2,0,0,0,0,0,1.001912,-12.421058,380,5,1.1,0.9
7847,1,0,0,0,1.55,0,1.040430667,-8.865281604,220,5,1.1,0.9
7857,1,0,0,0,2.36,0,1.050279392,0.2200766221,220,5,1.1,0.9
7862,1,0,0,0,9.74,0,1.039630806,-21.13794768,220,5,1.1,0.9
7865,1,84.99,19.6,0,4.32,0,1.072888753,-26.40578493,220,5,1.1,0.9
7873,1,-20.94,-6.16,0,11.99,0,1.021225072,-15.24187633,220,5,1.1,0.9
7881,1,0,0,0,7.99,0,1.055465775,-15.16712498,220,5,1.1,0.9
7883,1,47.55,17.8,0,0.32,0,1.050398204,-28.81922964,220,5,1.1,0.9
7885,1,142.4,20,0,2.42,0,1.037682128,-21.14303603,220,5,1.1,0.9
7886,1,162.5,42.7,0,12.79,0,1.01524873,-19.40700126,220,5,1.1,0.9
7892,1,36.94,11,0,0.52,0,1.053815177,-11.39861489,220,5,1.1,0.9
7895,1,338.7,52.5,0,11.36,0,1.05957802,-19.55050906,220,5,1.1,0.9
7903,1,0,0,0,7.78,0,1.072652586,-42.36131623,220,5,1.1,0.9
7905,1,347.1,87.2,0,88.35,0,1.046466521,-17.94645729,380,5,1.1,0.9
7913,2,0,0,0,0,0,1.063764,-9.065499609,380,5,1.1,0.9
7923,1,0,0,0,0.97,0,1.038428959,-22.16097876,220,5,1.1,0.9
7937,1,56.06,17,0,2.4,0,1.040147792,-7.424271387,220,5,1.1,0.9
7943,1,38.44,2,0,0.56,0,1.047178775,-16.20166783,220,5,1.1,0.9
7945,1,17.92,5.8,0,0.84,0,1.03097567,-5.773094605,220,5,1.1,0.9
7955,1,111.6,8.9,0,16.19,0,1.068046232,-23.47817964,220,5,1.1,0.9
7961,1,50.56,8.1,0,8.02,0,1.034284008,-8.589803305,220,5,1.1,0.9
7967,1,0,0,0,5.97,0,1.042901901,-11.70972619,220,5,1.1,0.9
7972,1,237.9,68.5,0,5.12,0,1.035166751,-19.32719653,220,5,1.1,0.9
7974,1,234,13.1,0,51.03,0,1.033847376,-20.08103151,220,5,1.1,0.9
7982,1,112,19.7,0,38.04,0,1.036001985,-23.15523541,220,5,1.1,0.9
7988,1,-3.55,-1.43,0,11.834121,0,1.033828397,-2.132878902,380,5,1.1,0.9
7989,1,0,0,0,0.27,0,1.052026711,-3.751550418,220,5,1.1,0.9
7994,1,11.91,3.3,0,6.84,0,1.015105017,-16.32638129,220,5,1.1,0.9
7998,2,0,0,0,0,0,1.048854,4.210450495,380,5,1.1,0.9
8005,1,0,0,0,16.77,0,1.027696445,-13.75679689,220,5,1.1,0.9
8030,1,0,0,0,122.13,0,1.034112742,-4.4328161,380,5,1.1,0.9
8035,1,0,0,0,4.22,0,1.016291373,-16.40413498,220,5,1.1,0.9
8043,2,0,0,0,0,0,1.066913,-11.14395147,220,5,1.1,0.9
8057,1,69.18,9.5,0,3.67,0,1.045818165,-8.626349491,220,5,1.1,0.9
8060,1,0,0,0,9.54,0,1.051187267,-13.47855859,220,5,1.1,0.9
8104,1,127.2,40.8,0,0.2,0,1.069562713,-25.21274244,220,5,1.1,0.9
8107,1,68.18,16.1,0,3.35,0,1.034623003,-23.38616655,220,5,1.1,0.9
8109,2,0,0,0,0,0,1.067387,-21.29215558,380,5,1.1,0.9
8112,1,87.9,29.3,0,1.21,0,1.031609057,-3.027644096,220,5,1.1,0.9
8128,1,0,0,0,8.1,0,1.090709979,-9.621718152,380,5,1.1,0.9
8151,1,0,0,0,14.23,0,1.0431703,-25.64090812,220,5,1.1,0.9
8158,2,0,0,0,0,0,1.052602,-0.5244145656,220,5,1.1,0.9
8165,1,0,0,0,2.42,0,1.061504587,-3.493180977,220,5,1.1,0.9
8180,1,291.6,47,0,2.38,0,1.075038304,-30.97504863,220,5,1.1,0.9
8189,1,0,0,0,9.54,0,1.042189727,-18.17291711,220,5,1.1,0.9
8190,1,0,0,0,0.32,0,1.04851074,-10.49601067,220,5,1.1,0.9
8191,1,0,0,0,11.38,0,1.051594595,-15.37735125,220,5,1.1,0.9
8195,1,-101.01,-129.29,0,37.176703,0,1.023214249,-17.07089789,380,5,1.1,0.9
8200,1,0,0,0,39.58,0,1.020893857,-5.952395456,380,5,1.1,0.9
8209,1,83.39,16.5,0,16.43,0,1.033337989,-20.16161532,220,5,1.1,0.9
8214,1,58.97,11.1,0,1.05,0,1.042484476,-11.76317409,220,5,1.1,0.9
8222,1,0,0,0,0,0,1.021400898,-10.58952569,380,5,1.1,0.9
8225,2,0,0,0,0,0,1.071504,-11.46321589,220,5,1.1,0.9
8250,1,196.1,32.1,0,3.86,0,1.040059735,-26.47560522,220,5,1.1,0.9
8255,1,39.04,13.1,0,3.22,0,1.02187981,-13.83904487,220,5,1.1,0.9
8265,1,40.44,20.5,0,0.85,0,1.066313179,-23.98929131,220,5,1.1,0.9
8267,1,0,0,0,0,0,1.042918914,-10.0606776,380,5,1.1,0.9
8291,1,0,0,0,6.52,0,1.043387901,-7.672879248,220,5,1.1,0.9
8293,1,112.7,14.5,0,1.24,0,1.046926562,-24.86804076,220,5,1.1,0.9
8294,1,14.22,6.3,0,0.38,0,1.043616758,-11.96684075,220,5,1.1,0.9
8307,1,0,0,0,0.14,0,1.051091706,-3.905169426,220,5,1.1,0.9
8310,1,0,0,0,2.46,0,1.049344555,-8.661280797,220,5,1.1,0.9
8311,2,0,0,0,0,0,1.035451,-15.44980003,220,5,1.1,0.9
8312,2,0,0,0,0,0,1.07814,-12.2729261,380,5,1.1,0.9
8316,1,0,0,0,0.72,0,1.083619454,-26.50893214,220,5,1.1,0.9
8328,1,82.39,14.4,0,13.37,0,1.041323064,-24.4493678,220,5,1.1,0.9
8331,1,0,0,0,0.05,0,1.04760999,-13.07517191,220,5,1.1,0.9
8334,1,263.96,-98.64,0,27.848535,0,1.034009341,-14.77507995,380,5,1.1,0.9
8347,1,-2.09,-1.43,0,48.358243,0,0.9873466228,-18.68944304,380,5,1.1,0.9
8361,1,126.54,29.1,0,12.55,0,1.072242639,-26.45983431,220,5,1.1,0.9
8367,1,77.99,19.3,0,3.04,0,1.034780608,-6.669675609,220,5,1.1,0.9
8369,1,0,0,0,1.23,0,1.0269575,-9.129466724,220,5,1.1,0.9
8373,1,216.3,-6.9,0,2.44,0,1.071337924,-48.27686633,220,5,1.1,0.9
8397,1,0,0,0,4.05,0,1.041191347,-25.62677542,220,5,1.1,0.9
8405,1,40.75,12.5,0,2.61,0,1.036217374,-12.58629367,220,5,1.1,0.9
8406,1,0,0,0,14.38,0,1.049584427,-25.2010043,220,5,1.1,0.9
8411,1,39.64,9.6,0,1.8,0,1.04149465,-25.86885666,220,5,1.1,0.9
8439,1,380.8,62.8,0,7.11,0,0.9972394619,-23.5331458,220,5,1.1,0.9
8448,1,286.1,89.3,0,8.89,0,1.01661117,-20.6163633,220,5,1.1,0.9
8458,2,0,0,0,0,0,1.042925,-9.532389189,380,5,1.1,0.9
8466,1,0,0,0,1.97,0,1.04526182,-4.495955667,220,5,1.1,0.9
8467,1,216.2,75.3,0,2.74,0,0.9846850622,-23.03888977,220,5,1.1,0.9
8468,1,21.42,11.8,0,28.85,0,0.9994944518,-14.97259781,380,5,1.1,0.9
8473,2,0,0,0,0,0,1.039202,-8.854356579,220,5,1.1,0.9
8475,1,0,0,0,8.35,0,1.072021368,-47.98588249,220,5,1.1,0.9
8477,1,0,0,0,2.46,0,1.068333991,-9.855775097,220,5,1.1,0.9
8478,1,0,0,0,3.01,0,1.047856157,-8.472813098,220,5,1.1,0.9
8485,1,149,99.8,0,9.27,0,1.039718255,-7.356815115,220,5,1.1,0.9
8486,1,0,0,0,0,0,1.04467568,-19.66819538,380,5,1.1,0.9
8487,1,44.45,7.68,0,17.83,0,1.002585413,-3.87929678,380,5,1.1,0.9
8494,1,235.97,34.52,0,7.15,0,1.08961301,-9.805502084,380,5,1.1,0.9
8497,1,38.84,14.2,0,3.5,0,1.046512995,-14.69297939,220,5,1.1,0.9
8507,1,37.44,9.1,0,7.87,0,1.073007262,-26.38383326,220,5,1.1,0.9
8511,1,93.6,-43.5,0,33.51,0,1.041039398,-24.53962463,220,5,1.1,0.9
8515,2,0,0,0,0,0,1.053872,-12.52183604,220,5,1.1,0.9
8522,1,0,0,0,0,0,1.019664809,-15.63939502,220,5,1.1,0.9
8535,1,72.68,24.3,0,3.12,0,1.035338871,-21.94914236,220,5,1.1,0.9
8542,1,87.7,26,0,47.58,0,1.044655124,-21.05977707,220,5,1.1,0.9
8546,1,5.01,1.8,0,0.77,0,1.038204944,-11.68605697,220,5,1.1,0.9
8560,1,0,0,0,1.11,0,0.9836497312,-18.21396099,380,5,1.1,0.9
8564,1,0,0,0,0,0,1.018434047,-19.67295334,220,5,1.1,0.9
8568,1,175.7,56.2,0,0.13,0,1.027834862,-6.065446702,220,5,1.1,0.9
8578,1,0,0,0,4.55,0,1.049423149,-22.56475557,220,5,1.1,0.9
8592,1,0,0,0,0.43,0,1.051889791,-3.786063967,220,5,1.1,0.9
8626,1,136,36.1,0,6.07,0,0.9929208888,-17.62511631,220,5,1.1,0.9
8627,1,0,0,0,4.26,0,1.048186835,-26.3995907,220,5,1.1,0.9
8628,1,277.1,37,0,21.03,0,1.040873394,-23.63267146,220,5,1.1,0.9
8636,1,31.43,10.6,0,1.61,0,1.025066789,-21.84440446,220,5,1.1,0.9
8651,1,162.49,45.11,0,5.38,0,1.023352154,-17.23958307,220,5,1.1,0.9
8653,1,44.55,7.5,0,0.6,0,1.029043712,-16.0540388,220,5,1.1,0.9
8656,1,5.51,1.3,0,0.09,0,1.035021611,-6.839944073,220,5,1.1,0.9
8669,1,74.98,10.5,0,12.96,0,1.050678822,-15.38459966,220,5,1.1,0.9
8670,2,0,0,0,0,0,1.049066,-6.474365843,220,5,1.1,0.9
8672,1,0,0,0,28.515005,0,1.020703118,-21.17067239,380,5,1.1,0.9
8676,2,0,0,0,0,0,1.018762,-21.87773462,220,5,1.1,0.9
8677,1,0,0,0,2.29,0,1.018082322,-10.20021638,220,5,1.1,0.9
8683,1,0,0,0,0,0,1.041954878,-24.30741205,220,5,1.1,0.9
8689,1,42.65,18.2,0,0,0,1.036068638,-20.73022512,220,5,1.1,0.9
8691,1,305.04,77.16,0,17.43,0,1.045987208,-33.36044654,220,5,1.1,0.9
8704,1,180.7,71.8,0,2.46,0,1.039389309,-7.942373845,220,5,1.1,0.9
8707,1,101.9,24.3,0,8.53,0,1.031191461,-11.75356329,220,5,1.1,0.9
8711,1,0,0,0,3.9,0,1.040751909,-12.32484219,220,5,1.1,0.9
8721,2,0,0,0,0,0,1.054052,-16.08717841,380,5,1.1,0.9
8722,1,0,0,0,2.13,0,1.070809861,-25.07896805,220,5,1.1,0.9
8732,1,66.27,19.3,0,12.94,0,1.037883895,-21.18243037,220,5,1.1,0.9
8743,1,11.61,7.6,0,6.21,0,1.034627075,-33.49121397,220,5,1.1,0.9
8748,1,279.7,4.6,0,3.77,0,1.066874705,-49.76790071,220,5,1.1,0.9
8763,1,-233.23,29.6,0,207.55,0,1.039969476,2.557797039,380,5,1.1,0.9
8765,1,0,0,0,11.69,0,1.050893327,-15.37062438,220,5,1.1,0.9
8787,1,22.83,8,0,3.71,0,1.066707401,-16.97847844,220,5,1.1,0.9
8788,1,143.8,46.45,0,3.26,0,1.046170554,-5.998215049,220,5,1.1,0.9
8791,1,0,0,0,0.36,0,1.055299274,-22.5073486,220,5,1.1,0.9
8795,2,0,0,0,0,0,1.054157,-0.1011125429,220,5,1.1,0.9
8804,1,22.02,4.4,0,4.83,0,1.04902973,-9.86451557,220,5,1.1,0.9
8807,2,0,0,0,0,0,1.05109,-3.905161485,220,5,1.1,0.9
8808,1,203.6,19.81,0,15.46,0,1.060073485,-25.95612968,220,5,1.1,0.9
8809,1,101.2,-2.9,0,0.51,0,1.028406607,-32.27730404,220,5,1.1,0.9
8818,2,0,0,0,0,0,1.050791,0.6819274784,220,5,1.1,0.9
8825,1,406.04,95.5,0,35.34,0,1.014879442,-2.818350356,380,5,1.1,0.9
8829,1,91.6,27.1,0,10.95,0,1.028403142,-21.32556883,220,5,1.1,0.9
8834,1,0,0,0,1.52,0,1.002095774,-22.56343429,220,5,1.1,0.9
8835,1,113.7,22.3,0,15.55,0,1.036550058,-22.92932192,220,5,1.1,0.9
8843,1,208.7,63,0,3.45,0,1.054843974,-11.26896515,220,5,1.1,0.9
8846,1,20.82,0,0,0.17,0,1.070103516,7.867890777,220,5,1.1,0.9
8853,1,410.3,91.6,0,13.25,0,1.051898011,-36.53509131,220,5,1.1,0.9
8854,1,69.18,35.1,0,12.59,0,1.027784248,-44.61888403,220,5,1.1,0.9
8860,1,57.16,19.7,0,22.17,0,1.020426246,-10.16263495,220,5,1.1,0.9
8864,1,63.31,-9.8,0,5.36,0,1.048169037,-31.98986549,220,5,1.1,0.9
8872,2,0,0,0,0,0,1.053844,-16.11158407,380,5,1.1,0.9
8873,1,0,0,0,1.87,0,1.070948083,-27.32988189,220,5,1.1,0.9
8874,1,285.2,61.4,0,26.04,0,1.046902251,-20.79282199,220,5,1.1,0.9
8877,1,0,0,0,1.03,0,1.039411561,-20.67845163,220,5,1.1,0.9
8879,1,0,0,0,1.47,0,1.036453802,-22.771545,220,5,1.1,0.9
8886,1,0,0,0,-1.392036,0,0.9836837108,-3.807338211,380,5,1.1,0.9
8887,1,0,0,0,102.70867,0,1.045821762,1.705767809,380,5,1.1,0.9
8893,1,278.3,33.6,0,25.9,0,1.051016373,-15.27641011,220,5,1.1,0.9
8900,1,3.1,1.6,0,0.09,0,1.047741433,-23.73172313,220,5,1.1,0.9
8903,2,0,0,0,0,0,1.020268,-11.37255843,380,5,1.1,0.9
8906,1,91,21,0,11.23,0,1.035978626,-23.08588895,220,5,1.1,0.9
8913,1,0,0,0,1.13,0,1.040027287,-20.58882393,220,5,1.1,0.9
8930,1,139.4,21.2,0,6.21,0,0.9899872453,-18.6436409,220,5,1.1,0.9
8931,1,-0.56,0,0,108.21,0,1.090325667,-9.620557504,380,5,1.1,0.9
8947,1,3.7,0.2,0,0.05,0,1.039979721,-11.86033582,220,5,1.1,0.9
8950,2,0,0,0,0,0,1.047268,-14.8637646,220,5,1.1,0.9
8961,2,0,0,0,0,0,1.035459,-14.10487224,220,5,1.1,0.9
8975,1,0,0,0,11.04,0,1.042229876,-24.30999984,220,5,1.1,0.9
8976,2,0,0,0,0,0,1.046972,-17.10196649,220,5,1.1,0.9
8980,1,63.97,12.8,0,0.17,0,1.042941893,-11.41632006,220,5,1.1,0.9
8989,1,88.5,24.5,0,2.23,0,1.042082604,-25.63895127,220,5,1.1,0.9
8992,1,0,0,0,14.64,0,1.05109513,-3.807571604,220,5,1.1,0.9
8997,2,0,0,0,0,0,0.997131,-13.0924889,380,5,1.1,0.9
8999,1,41.15,10.3,0,2.41,0,1.044090036,-21.60940763,220,5,1.1,0.9
9002,1,119.02,12.54,0,23.45,0,1.021004562,-10.50031301,220,5,1.1,0.9
9011,1,88.4,25.2,0,12.9,0,1.036147504,-23.04909812,220,5,1.1,0.9
9012,1,25.63,6.5,0,0.52,0,1.048758119,1.141932532,220,5,1.1,0.9
9014,1,70.78,19.6,0,8.1,0,1.050790421,-6.677198216,220,5,1.1,0.9
9018,1,55.46,16.9,0,1.92,0,1.022332846,-6.538788393,220,5,1.1,0.9
9019,1,91.4,18.1,0,4.89,0,1.040400623,-24.7110502,220,5,1.1,0.9
9021,1,152.18,21.63,0,1.91,0,1.036515232,-5.489696494,220,5,1.1,0.9
9033,1,76.88,16.4,0,6.61,0,1.047637882,-26.66121016,220,5,1.1,0.9
9045,1,60.57,18.9,0,1.46,0,1.039884761,-24.66333936,220,5,1.1,0.9
9051,1,0,0,0,2.15,0,1.036573356,0.4987070411,220,5,1.1,0.9
9059,1,0,0,0,2,0,1.072292713,-27.23755239,220,5,1.1,0.9
9065,1,0,0,0,0.59,0,1.040006325,2.372934466,380,5,1.1,0.9
9066,1,23.26,3.01,0,9.29,0,1.019123089,-20.83000602,220,5,1.1,0.9
9067,2,0,0,0,0,0,1.040924,1.470591314,220,5,1.1,0.9
9091,1,0,0,0,3.65,0,1.038554493,-9.742705355,220,5,1.1,0.9
9101,2,0,0,0,0,0,1.02885,-21.88329711,380,5,1.1,0.9
9108,2,0,0,0,0,0,1.046626,-16.46750547,220,5,1.1,0.9
9109,1,0,0,0,0.31,0,1.036575541,0.4986875032,220,5,1.1,0.9
9112,1,0,0,0,19.71,0,1.047609696,-13.07516647,220,5,1.1,0.9
9119,1,0,0,0,1.24,0,1.042678232,-20.55928999,220,5,1.1,0.9
9128,1,50.56,8.7,0,0.19,0,1.042213933,-2.714584603,220,5,1.1,0.9
9130,1,245.51,9.17,0,24.25,0,1.0499069,-31.04083094,220,5,1.1,0.9
9131,1,0,0,0,6.62,0,1.049818716,-24.15719501,220,5,1.1,0.9
9137,2,0,0,0,0,0,1.049768,-26.64496472,220,5,1.1,0.9
9140,2,0,0,0,0,0,1.049624,-5.188736883,220,5,1.1,0.9
9150,2,0,0,0,0,0,1.037969,-13.2646423,380,5,1.1,0.9
9155,1,0,0,0,5.01,0,1.02295048,-20.88429258,220,5,1.1,0.9
9158,1,54.96,9.42,0,5.92,0,1.02166012,-14.61329873,220,5,1.1,0.9
9164,1,7.71,2.4,0,6.93,0,0.9980613923,-19.45824421,220,5,1.1,0.9
9173,1,66.07,15.6,0,5.57,0,1.032757736,-20.2274344,220,5,1.1,0.9
9174,1,0,0,0,0,0,1.009824656,-33.06044707,380,5,1.1,0.9
9176,1,0,0,0,1.28,0,1.047840924,-13.07775662,220,5,1.1,0.9
9180,2,0,0,0,0,0,1.061189,-8.375740278,220,5,1.1,0.9
9181,1,2.43,1.35,0,0.1,0,1.032498187,-9.411089745,220,5,1.1,0.9
9185,1,66.97,18.6,0,18.5,0,1.051533138,-6.618642623,220,5,1.1,0.9
9189,1,62.57,-61,0,55.14,0,1.046705285,-25.08472123,220,5,1.1,0.9
9191,1,0,0,0,2.34,0,1.072306459,-24.84145962,220,5,1.1,0.9
9203,1,627.36,-73.13,0,27.185221,0,1.001541251,-12.49130939,380,5,1.1,0.9
9213,1,0,0,0,10.210952,0,1.023740937,-4.624440779,380,5,1.1,0.9
9217,1,0,0,0,6.33,0,1.040087009,-8.862866105,220,5,1.1,0.9
9222,1,-5.15,-2.04,0,154.446402,0,1.053240953,-16.29518042,380,5,1.1,0.9
9231,1,242.08,59.98,0,5.6,0,1.02837845,-19.19658457,220,5,1.1,0.9
9241,1,0,0,0,0.36,0,1.049045554,-9.864655832,220,5,1.1,0.9