3,1,151,48.8,0,4.69,0,1.016674,-21.761632,220,5,1.1,0.9
4,1,171.41,23.4,0,2.1,0,1.026472,-7.007354,220,5,1.1,0.9
10,1,134,24.7,0,12.44,0,1.038534,-24.281644,220,5,1.1,0.9
21,1,161.2,39.3,0,30.71,0,1.036195,-21.958828,220,5,1.1,0.9
22,1,0,0,0,0.85,0,1.035058,-18.483339,220,5,1.1,0.9
26,1,167.3,54.8,0,110.54,0,1.032267,-3.318448,380,5,1.1,0.9
29,1,152.9,49.4,0,27.65,0,0.994409,-13.816418,380,5,1.1,0.9
44,1,0,0,0,7.27,0,1.045829,-22.181066,220,5,1.1,0.9
53,1,48.65,16.1,0,7.14,0,1.063422,-9.070013,220,5,1.1,0.9
58,1,0,0,0,2.31,0,0.983702,-21.159412,380,5,1.1,0.9
59,1,119.2,20.7,0,3.31,0,1.036808,-23.631999,220,5,1.1,0.9
90,1,363.25,115.39,0,3.95,0,1.042187,-27.546292,220,5,1.1,0.9
96,1,-8.4,28.66,0,3.49,0,1.030441,-15.689479,220,5,1.1,0.9
113,1,0,0,0,6.532711,0,1.030718,-14.242909,380,5,1.1,0.9
115,1,0,0,0,4.21,0,1.066797,-19.783678,220,5,1.1,0.9
118,1,704.53,-35.33,0,13.102834,0,1.020256,-11.430028,380,5,1.1,0.9
124,2,0,0,0,0,0,1.081537,8.330657,220,5,1.1,0.9
128,1,23.73,12.7,0,0.52,0,1.020482,-16.063366,220,5,1.1,0.9
145,1,38.34,5.6,0,7.64,0,1.039096,-8.903623,220,5,1.1,0.9
148,1,32.34,12,0,6.1,0,1.041568,-7.991267,220,5,1.1,0.9
150,2,0,0,0,0,0,1.062805,2.531831,220,5,1.1,0.9
163,1,147.76,32.73,0,8.34,0,1.047047,-10.672351,220,5,1.1,0.9
171,1,100.8,13.2,0,5.24,0,1.069649,-25.153324,220,5,1.1,0.9
174,1,370.5,-17,0,9.91,0,1.074846,-27.942789,220,5,1.1,0.9
184,1,0,0,0,2.42,0,1.042771,-11.94851,220,5,1.1,0.9
188,1,36.84,13.9,0,3.3,0,1.018752,-19.550413,220,5,1.1,0.9
195,1,73.14,21.55,0,8.52,0,1.056337,-8.791116,220,5,1.1,0.9
196,1,0,0,0,12.48,0,1.074825,-26.319857,220,5,1.1,0.9
198,1,39.74,11.8,0,1.44,0,1.01673,-16.306681,220,5,1.1,0.9
207,1,321.98,84.4,0,1.34,0,1.026604,-13.457588,220,5,1.1,0.9
216,1,155.6,54.7,0,2.21,0,1.039362,-24.590496,220,5,1.1,0.9
217,1,105.2,0.1,0,7.36,0,1.042762,-2.603638,220,5,1.1,0.9
218,1,69.83,15.12,0,2.23,0,1.045923,-13.114892,220,5,1.1,0.9
221,2,0,0,0,0,0,0.984682,-21.807603,380,5,1.1,0.9
225,1,0,0,0,1.15,0,1.063761,-20.174043,220,5,1.1,0.9
280,1,119.6,29.6,0,5.34,0,1.035725,-11.193679,220,5,1.1,0.9
283,1,27.33,11.9,0,1.17,0,1.035204,-12.094637,220,5,1.1,0.9
292,1,13.82,1.4,0,0.7,0,1.047544,-14.765137,220,5,1.1,0.9
305,1,103,12,0,0.63,0,1.067188,-32.434719,220,5,1.1,0.9
306,1,0,0,0,4.76,0,1.030032,-18.823594,220,5,1.1,0.9
314,1,163.1,46.3,0,10.6,0,1.005548,-16.020947,220,5,1.1,0.9
333,1,524.5,43,0,6.85,0,1.014579,-42.137692,220,5,1.1,0.9
338,2,0,0,0,0,0,1.048249,-6.162533,220,5,1.1,0.9
346,1,197.5,48.3,0,0.71,0,1.040694,-21.298393,220,5,1.1,0.9
350,1,110.4,26.2,0,5.62,0,1.043185,-24.295117,220,5,1.1,0.9
352,2,0,0,0,0,0,1.055378,0.262953,380,5,1.1,0.9
367,1,65.17,-51.5,0,4.85,0,1.07164,-23.599251,220,5,1.1,0.9
401,1,56.5,36.29,0,3.08,0,1.026548,-14.262083,220,5,1.1,0.9
408,1,129.1,7.4,0,0.04,0,1.039791,-11.549917,220,5,1.1,0.9
410,1,170.89,50.38,0,6.44,0,1.041564,-26.439994,220,5,1.1,0.9
413,2,0,0,0,0,0,1.05013,-6.606455,220,5,1.1,0.9
416,1,70.68,13.5,0,6.96,0,1.0458,-6.728632,220,5,1.1,0.9
426,1,123.1,6.5,0,3.25,0,1.040489,-18.395441,220,5,1.1,0.9
432,1,0,0,0,68.517663,0,1.047774,2.403578,380,5,1.1,0.9
444,1,0,0,0,2.45,0,1.036267,-12.201434,220,5,1.1,0.9
449,1,0,0,0,29.42,0,1.021739,-8.489958,380,5,1.1,0.9
453,2,0,0,0,0,0,1.018914,-7.857046,380,5,1.1,0.9
455,1,274.32,5.66,0,13.24,0,1.045882,-30.596498,220,5,1.1,0.9
490,1,20.52,4,0,2.77,0,1.036451,-23.014287,220,5,1.1,0.9
500,1,144.4,35.5,0,7.66,0,1.040423,-15.042452,220,5,1.1,0.9
502,1,0,0,0,1.96,0,1.043564,-6.675538,220,5,1.1,0.9
506,1,0,0,0,0.4,0,1.063297,-9.078728,380,5,1.1,0.9
513,1,57.46,17.1,0,1.61,0,1.038461,-7.443414,220,5,1.1,0.9
516,2,0,0,0,0,0,1.075592,-33.453515,220,5,1.1,0.9
520,1,118.5,20.4,0,2.57,0,1.048239,-27.108761,220,5,1.1,0.9
549,1,0,0,0,5.15,0,1.074517,-10.959606,220,5,1.1,0.9
554,1,0,0,0,1.97,0,1.024071,-20.793083,220,5,1.1,0.9
556,1,16.52,9,0,1.17,0,1.03694,-22.762979,220,5,1.1,0.9
561,1,0,0,0,0.32,0,1.055451,-11.021763,220,5,1.1,0.9
564,2,0,0,0,0,0,1.069817,-47.078276,220,5,1.1,0.9
575,1,0,0,0,0.67,0,1.04436,-11.163788,220,5,1.1,0.9
583,2,0,0,0,0,0,1.045397,-15.568574,220,5,1.1,0.9
594,1,67.57,17,0,5.75,0,1.036683,-8.869667,220,5,1.1,0.9
601,1,140.6,42.6,0,5.71,0,1.040685,-14.418335,220,5,1.1,0.9
604,1,33.24,4.4,0,24.54,0,0.996939,-12.93567,380,5,1.1,0.9
608,1,150.9,10.4,0,4.77,0,1.071753,-32.66829,220,5,1.1,0.9
609,1,0,0,0,5.67,0,1.025344,-14.779536,220,5,1.1,0.9
615,2,0,0,0,0,0,1.063876,-10.607341,220,5,1.1,0.9
616,2,0,0,0,0,0,1.048713,-12.997468,220,5,1.1,0.9
619,1,72.88,14.4,0,2.96,0,1.046742,-25.252227,220,5,1.1,0.9
639,2,0,0,0,0,0,1.051376,-29.999643,220,5,1.1,0.9
641,1,45.32,18.5,0,0.74,0,1.03515,-13.956622,220,5,1.1,0.9
658,1,258.4,66.7,0,5.87,0,1.033849,-17.442414,220,5,1.1,0.9
661,1,0,0,0,0.6,0,1.040021,2.414523,380,5,1.1,0.9
666,1,-5.61,-2.79,0,150.93,0,1.03076,-5.413919,380,5,1.1,0.9
678,1,232.1,89.8,0,0.09,0,0.986375,-18.62447,220,5,1.1,0.9
682,2,0,0,0,0,0,1.0691,-10.045044,220,5,1.1,0.9
687,1,0,0,0,5.6,0,1.05742,-4.068613,220,5,1.1,0.9
707,1,83.99,21.2,0,5.36,0,1.054495,-25.620212,220,5,1.1,0.9
718,1,135.11,41,0,5.31,0,1.031148,-24.884639,220,5,1.1,0.9
720,1,0,0,0,23.554121,0,0.981824,-26.763103,380,5,1.1,0.9
726,1,400.3,189.9,0,0.53,0,1.048069,-4.933448,220,5,1.1,0.9
742,1,0,0,0,2.83,0,1.05759,-4.070122,220,5,1.1,0.9
747,1,69.58,16,0,3.03,0,1.073922,-26.380554,220,5,1.1,0.9
749,2,0,0,0,0,0,1.057884,-28.950791,220,5,1.1,0.9
750,1,0,0,0,18.63,0,1.041141,-24.444747,220,5,1.1,0.9
757,2,0,0,0,0,0,1.017567,-13.765564,380,5,1.1,0.9
766,1,0,0,0,7.85,0,1.047952,-19.8489,220,5,1.1,0.9
769,1,152.57,40,0,6.12,0,1.024104,-10.886119,220,5,1.1,0.9
772,1,343.9,141.9,0,5.55,0,1.034361,-14.167643,220,5,1.1,0.9
776,2,0,0,0,0,0,1.026368,-13.331099,220,5,1.1,0.9
778,2,0,0,0,0,0,1.049411,-6.680953,220,5,1.1,0.9
789,1,0,0,0,6.63,0,1.051689,-5.954643,220,5,1.1,0.9
795,2,0,0,0,0,0,1.035522,-15.484388,220,5,1.1,0.9
800,1,50.56,18,0,0.11,0,1.034778,-12.128589,220,5,1.1,0.9
803,2,0,0,0,0,0,1.041369,-24.768342,220,5,1.1,0.9
804,1,0,0,0,7.26,0,1.05585,-7.563603,220,5,1.1,0.9
805,1,124.5,29.6,0,15.4,0,1.05673,-11.12828,220,5,1.1,0.9
809,1,0,0,0,58.088687,0,1.027525,-0.064839,380,5,1.1,0.9
819,1,0,0,0,0.22,0,1.052169,-0.720463,220,5,1.1,0.9
823,2,0,0,0,0,0,1.044097,-2.229251,380,5,1.1,0.9
839,1,0,0,0,8.17514,0,1.024385,-1.386321,380,5,1.1,0.9
851,2,0,0,0,0,0,1.00025,-17.401395,220,5,1.1,0.9
858,2,0,0,0,0,0,1.031745,1.110134,380,5,1.1,0.9
870,1,110,3.4,0,11.95,0,1.040762,-24.602002,220,5,1.1,0.9
871,1,108.89,-21.76,0,3.72,0,1.056945,-11.955754,220,5,1.1,0.9
883,1,192.5,78.3,0,6.65,0,1.017176,-10.133417,220,5,1.1,0.9
891,2,0,0,0,0,0,1.064525,-18.97841,380,5,1.1,0.9
892,1,0,0,0,9.1,0,1.069234,-34.99461,220,5,1.1,0.9
900,1,0,0,0,0.15,0,1.050278,-15.385577,220,5,1.1,0.9
903,1,82.69,20.1,0,1.36,0,1.073885,-26.405705,220,5,1.1,0.9
905,1,631.71,-54.16,0,7.534129,0,1.035643,-15.075813,380,5,1.1,0.9
907,1,0,0,0,0.05,0,1.038555,-9.767436,220,5,1.1,0.9
908,1,125.9,-0.5,0,0.21,0,1.065214,-7.929625,220,5,1.1,0.9
920,1,34.44,8.5,0,1.11,0,1.045537,-20.769903,220,5,1.1,0.9
923,1,62.07,14.7,0,4.84,0,1.035596,-23.090183,220,5,1.1,0.9
933,1,0,0,0,22.75,0,1.019946,-21.525393,220,5,1.1,0.9
935,1,0,0,0,9.46,0,1.049182,-24.470238,220,5,1.1,0.9
953,1,108.7,-12.15,0,37.11,0,1.065973,-13.014498,380,5,1.1,0.9
954,1,66.27,13.6,0,0.67,0,1.044324,-21.525875,220,5,1.1,0.9
960,1,0,0,0,108.728602,0,1.063295,-9.078724,380,5,1.1,0.9
964,1,88.5,16.5,0,146.44,0,1.015553,-11.659761,380,5,1.1,0.9
972,2,0,0,0,0,0,1.072621,5.35893,380,5,1.3,0.7
980,1,14.71,4.6,0,7.88,0,1.047164,-25.138433,220,5,1.1,0.9
1001,2,0,0,0,0,0,1.074143,-33.62199,220,5,1.1,0.9
1002,2,0,0,0,0,0,1.041506,-20.086455,220,5,1.1,0.9
1005,1,0,0,0,0.81,0,1.053955,-12.379476,220,5,1.1,0.9
1015,1,44.55,0,0,4.78,0,1.056277,-5.398682,220,5,1.1,0.9
1026,1,201.4,53,0,9.67,0,1.028182,-29.352232,220,5,1.1,0.9
1027,1,-5.91,-2.33,0,30.393595,0,0.990542,-18.181223,380,5,1.1,0.9
1033,1,26.33,5.3,0,4.31,0,1.040934,-24.521854,220,5,1.1,0.9
1035,1,382.5,57.9,0,8.16,0,1.067815,-32.322562,220,5,1.1,0.9
1039,1,34.64,0,0,0.91,0,1.034441,-19.543294,220,5,1.1,0.9
1040,1,31.94,8.8,0,3.79,0,1.038913,-9.027471,220,5,1.1,0.9
1043,2,0,0,0,0,0,1.028946,-3.693426,380,5,1.1,0.9
1051,1,0,0,0,3.79,0,1.041627,-12.829065,220,5,1.1,0.9
1077,1,0,0,0,0.1,0,1.035206,-12.094658,220,5,1.1,0.9
1078,1,0,0,0,4.74,0,1.061509,-3.472987,220,5,1.1,0.9
1081,1,277.86,58.95,0,182.880644,0,1.038644,-10.509999,380,5,1.1,0.9
1083,2,0,0,0,0,0,1.049472,-8.613737,220,5,1.1,0.9
1090,1,56.06,18.7,0,4.24,0,1.0101,-21.692579,220,5,1.1,0.9
1093,2,0,0,0,0,0,1.027056,-8.507308,380,5,1.1,0.9
1096,1,0,0,0,0.16,0,1.050189,-1.116839,220,5,1.1,0.9
1100,2,0,0,0,0,0,1.042801,-4.348181,220,5,1.1,0.9
1101,1,0,0,0,2.05,0,1.033508,-14.209132,220,5,1.1,0.9
1102,2,0,0,0,0,0,1.049879,-6.64195,220,5,1.1,0.9
1105,1,29.83,7.3,0,6.49,0,1.074759,-26.325932,220,5,1.1,0.9
1111,1,0,0,0,1.1,0,1.036823,-8.871578,220,5,1.1,0.9
1129,1,190.47,55.03,0,6.7,0,1.003325,-22.532961,220,5,1.1,0.9
1136,1,16.22,2,0,0.71,0,1.034786,-18.539009,220,5,1.1,0.9
1137,1,0,0,0,0.05,0,1.048666,-24.42816,220,5,1.1,0.9
1146,1,32.84,0,0,1.41,0,1.032638,-5.627486,220,5,1.1,0.9
1151,1,0,0,0,18.82,0,1.043354,-20.606997,220,5,1.1,0.9
1153,1,12.41,3.9,0,2.23,0,1.034654,-6.058841,220,5,1.1,0.9
1156,1,65.67,24,0,9.95,0,1.038055,-22.501868,220,5,1.1,0.9
1159,1,112.4,13,0,3.99,0,1.052615,-36.244174,220,5,1.1,0.9
1172,1,0,0,0,2.3,0,1.074468,-25.55724,220,5,1.1,0.9
1179,1,86.6,23.4,0,0.39,0,1.040896,-2.802576,220,5,1.1,0.9
1183,1,199.4,-19.9,0,6.68,0,1.066643,-33.081849,220,5,1.1,0.9
1187,1,67.57,21.2,0,5.71,0,1.039857,-4.955282,220,5,1.1,0.9
1188,1,30.93,6.6,0,9.09,0,1.054495,-14.222981,220,5,1.1,0.9
1194,1,129.6,13.3,0,13.98,0,1.03896,-15.127161,380,5,1.1,0.9
1198,1,0,0,0,30.637696,0,0.987964,-14.637206,380,5,1.1,0.9
1201,1,114.1,23.5,0,1.08,0,1.050304,-19.627666,220,5,1.1,0.9
1216,1,0,0,0,4.93,0,1.040626,-10.966354,220,5,1.1,0.9
1233,1,0,0,0,1.72,0,1.037981,-22.526704,220,5,1.1,0.9
1234,1,71.78,17.9,0,1.96,0,1.022628,-16.524518,220,5,1.1,0.9
1237,2,0,0,0,0,0,1.108028,-6.285992,380,5,1.3,0.7
1248,1,0,0,0,1.17,0,1.047205,-10.673893,220,5,1.1,0.9
1249,1,348.93,26.47,0,9.36,0,1.019402,-11.26449,380,5,1.1,0.9
1251,2,0,0,0,0,0,1.027102,-8.516785,380,5,1.1,0.9
1262,1,0,0,0,10.73,0,1.038607,-22.034538,220,5,1.1,0.9
1265,1,173,-21.3,0,5.93,0,1.066705,-50.057306,220,5,1.1,0.9
1275,1,52.46,2.9,0,0.35,0,1.032647,-18.856368,220,5,1.1,0.9
1295,2,0,0,0,0,0,1.03682,-8.643487,220,5,1.1,0.9
1301,1,479,99.2,0,10.68,0,1.05167,-28.720012,220,5,1.1,0.9
1305,1,0,0,0,4.34,0,1.038253,-22.269637,220,5,1.1,0.9
1311,1,37.94,15.2,0,35.31,0,1.033986,-21.654604,380,5,1.1,0.9
1326,1,0,0,0,0.98,0,1.069384,-34.995605,220,5,1.1,0.9
1334,1,0,0,0,0.59,0,1.025188,-16.314102,220,5,1.1,0.9
1341,2,0,0,0,0,0,1.032899,-14.204982,220,5,1.1,0.9
1343,1,0,0,0,58.3,0,0.996377,-14.200565,380,5,1.1,0.9
1354,2,0,0,0,0,0,1.041045,-7.375163,220,5,1.1,0.9
1355,1,-3.29,-1.32,0,190.704588,0,1.0328,-8.554156,380,5,1.1,0.9
1364,1,40.85,14.5,0,0.59,0,1.039851,-12.092524,220,5,1.1,0.9
1380,1,145.2,21.4,0,1.09,0,1.033661,-22.574327,220,5,1.1,0.9
1394,1,30.93,7.6,0,4.69,0,1.074659,-26.314245,220,5,1.1,0.9
1397,1,0,0,0,2.14,0,1.037924,-12.820941,220,5,1.1,0.9
1398,1,196.7,44.2,0,0.1,0,1.017322,-19.003234,220,5,1.1,0.9
1401,1,11.91,2.9,0,5.27,0,1.038647,-14.758146,220,5,1.1,0.9
1414,1,144.7,20.3,0,6.35,0,1.022683,-27.895964,220,5,1.1,0.9
1415,1,0,0,0,0.3,0,1.032141,-11.506028,220,5,1.1,0.9
1422,2,0,0,0,0,0,1.04353,-20.966559,220,5,1.1,0.9
1435,1,0,0,0,3.85,0,1.044674,-24.345986,220,5,1.1,0.9
1436,2,0,0,0,0,0,1.047684,-12.917585,220,5,1.1,0.9
1448,1,0,0,0,9.49,0,1.075069,-15.319825,220,5,1.1,0.9
1459,1,0,0,0,3.38,0,1.042934,-21.817757,220,5,1.1,0.9
1462,1,0,0,0,0.42,0,1.043552,-20.967069,220,5,1.1,0.9
1465,1,-11.03,-5.11,0,29.706803,0,0.988454,-15.339654,380,5,1.1,0.9
1478,2,0,0,0,0,0,1.048068,-15.82908,220,5,1.1,0.9
1483,1,0,0,0,4.86,0,1.064156,-26.867437,220,5,1.1,0.9
1486,1,79.59,18.8,0,6.78,0,1.034956,-23.34269,220,5,1.1,0.9
1494,1,-1.85,-1.63,0,31.424588,0,1.034255,-11.521816,380,5,1.1,0.9
1502,1,0,0,0,37.116157,0,1.027764,-26.693479,380,5,1.1,0.9
1504,1,0,0,0,1.84,0,1.025322,-14.28951,220,5,1.1,0.9
1526,1,-10.86,-5.93,0,12.54,0,1.042753,-11.9479,220,5,1.1,0.9
1538,1,36.34,15.2,0,0.3,0,1.033256,-8.75699,220,5,1.1,0.9
1539,1,73.58,3.24,0,52.35,0,1.059384,-15.296455,220,5,1.1,0.9
1541,1,125.4,45.8,0,0,0,1.039282,-23.538177,220,5,1.1,0.9
1545,1,42.55,8.2,0,2.06,0,1.042222,-23.472695,220,5,1.1,0.9
1547,1,0,0,0,1.02,0,1.040481,-15.042995,220,5,1.1,0.9
1551,1,0,0,0,7.99,0,1.043158,-20.41875,220,5,1.1,0.9
1552,1,20.42,8.1,0,35.15,0,1.042604,-16.620759,380,5,1.1,0.9
1554,1,0,0,0,4.96,0,1.020729,-16.043428,220,5,1.1,0.9
1556,1,0,0,0,0.95,0,1.061796,-11.391738,220,5,1.1,0.9
1562,1,77.39,24.1,0,2.67,0,1.042236,-25.854486,220,5,1.1,0.9
1566,1,156.9,-4,0,2.48,0,1.036219,-24.756749,220,5,1.1,0.9
1568,1,69.08,21.5,0,1.65,0,1.046858,-25.154702,220,5,1.1,0.9
1578,1,0,0,0,1.38,0,1.040417,-12.029853,220,5,1.1,0.9
1584,1,0,0,0,3.24,0,1.026871,-14.239921,220,5,1.1,0.9
1592,1,28.33,44.8,0,0.51,0,1.037512,-2.335282,220,5,1.1,0.9
1595,1,71.77,13.57,0,3.84,0,1.01584,-29.283839,220,5,1.1,0.9
1604,2,0,0,0,0,0,1.043862,-6.640235,220,5,1.1,0.9
1605,1,0,0,0,0.05,0,1.076968,-24.357645,220,5,1.1,0.9
1607,1,73.78,0,0,2.69,0,1.030671,-5.514136,380,5,1.1,0.9
1609,1,0,0,0,6.55,0,1.05016,-20.676376,220,5,1.1,0.9
1625,1,73.18,22.3,0,8.77,0,1.047827,-19.847235,220,5,1.1,0.9
1629,1,41.95,8.5,0,1.05,0,1.043667,-11.062381,220,5,1.1,0.9
1642,2,0,0,0,0,0,1.028554,0.427747,380,5,1.1,0.9
1643,1,95.71,25.9,0,11.38,0,1.042277,-25.887944,220,5,1.1,0.9
1644,1,449.56,245.72,0,94.55,0,1.054472,3.4279,380,5,1.1,0.9
1662,1,3.67,-1.86,0,3.89,0,1.046228,-20.80193,220,5,1.1,0.9
1672,1,-28.13,-0.83,0,0.1,0,1.061821,-11.405066,220,5,1.1,0.9
1680,2,0,0,0,0,0,1.04395,-2.225166,380,5,1.1,0.9
1692,1,83.19,25.8,0,0.33,0,1.047275,-10.47462,220,5,1.1,0.9
1704,1,62.16,8,0,2.99,0,1.038923,-13.052366,220,5,1.1,0.9
1708,2,0,0,0,0,0,1.037938,-13.186223,380,5,1.1,0.9
1709,1,-15.38,-4.94,0,33.241519,0,1.007462,-14.734072,380,5,1.1,0.9
1711,1,25.13,-61.6,0,3.68,0,1.052686,-29.767092,220,5,1.1,0.9
1721,2,0,0,0,0,0,1.062238,2.466713,220,5,1.1,0.9
1730,1,-17.18,-4.35,0,44.419365,0,1.025799,-14.51076,380,5,1.1,0.9
1742,1,0,0,0,6.68,0,1.030326,-32.491405,220,5,1.1,0.9
1746,1,0,0,0,1.86,0,1.049354,-24.089302,220,5,1.1,0.9
1750,1,58.46,6.6,0,10.13,0,1.036578,-19.191311,220,5,1.1,0.9
1754,2,0,0,0,0,0,1.04286,-17.149587,380,5,1.1,0.9
1758,1,0,0,0,121.29,0,1.03465,-4.424306,380,5,1.1,0.9
1763,1,0,0,0,0.28,0,1.034875,-30.808254,380,5,1.1,0.9
1767,1,333.5,-1.4,0,8.37,0,1.049612,-45.569227,220,5,1.1,0.9
1768,1,73.98,22.5,0,1.15,0,1.042927,-11.13756,220,5,1.1,0.9
1775,1,0,0,0,1.64,0,1.05106,-25.97492,220,5,1.1,0.9
1794,2,0,0,0,0,0,1.05295,-0.236871,380,5,1.1,0.9
1798,1,-0.63,-0.83,0,22.810288,0,0.987325,-7.424983,380,5,1.1,0.9
1803,1,0,0,0,0.05,0,1.038883,-22.036572,220,5,1.1,0.9
1808,2,0,0,0,0,0,1.046224,-0.834506,220,5,1.1,0.9
1813,1,88.92,19.79,0,2.81,0,1.029057,-7.519944,220,5,1.1,0.9
1817,1,108.91,33.7,0,56.24,0,1.069539,-12.567622,380,5,1.1,0.9
1833,1,0,0,0,3.33,0,1.036371,-22.480232,220,5,1.1,0.9
1838,1,0,0,0,3.02,0,1.037419,-22.162507,220,5,1.1,0.9
1844,1,-28.14,-0.76,0,0.1,0,1.061839,-11.404513,220,5,1.1,0.9
1851,2,0,0,0,0,0,1.04762,-12.927099,220,5,1.1,0.9
1852,2,0,0,0,0,0,1.054325,-25.744509,220,5,1.1,0.9
1857,1,0,0,0,1.53,0,1.028608,-11.055937,220,5,1.1,0.9
1860,1,88.8,-3.2,0,13.63,0,1.060858,-25.532569,220,5,1.1,0.9
1866,1,209.2,23.5,0,6.44,0,1.04474,-28.285319,220,5,1.1,0.9
1868,1,11.71,3.8,0,2.96,0,1.035258,-15.877966,220,5,1.1,0.9
1876,1,0,0,0,6.273568,0,1.030797,-14.242223,380,5,1.1,0.9
1883,1,27.33,5,0,6.77,0,1.029787,-16.425673,220,5,1.1,0.9
1888,2,0,0,0,0,0,1.039377,-2.376673,220,5,1.1,0.9
1895,1,20.82,0,0,0.14,0,1.070353,7.588403,220,5,1.1,0.9
1896,1,0,0,0,1.18,0,1.021131,-6.153674,380,5,1.1,0.9
1910,1,0,0,0,2.68,0,1.049243,-6.695385,220,5,1.1,0.9
1914,2,0,0,0,0,0,1.035636,-20.619184,220,5,1.1,0.9
1917,1,197.5,-31,0,17.34,0,1.050486,-25.132946,220,5,1.1,0.9
1923,1,192.11,45.5,0,68.04,0,1.002407,-11.646061,380,5,1.1,0.9
1940,1,0,0,0,1.19,0,1.03614,-18.037347,220,5,1.1,0.9
1959,2,0,0,0,0,0,1.064692,-10.511132,220,5,1.1,0.9
1965,1,248.7,8.1,0,12.46,0,1.066548,-49.702693,220,5,1.1,0.9
1973,1,210.1,66.2,0,59.36,0,1.074741,-26.300211,220,5,1.1,0.9
1979,1,0,0,0,0.14,0,1.074144,-33.621995,220,5,1.1,0.9
1980,1,177.3,36.4,0,0.7,0,1.040983,-21.42173,220,5,1.1,0.9
1998,1,25.73,7.3,0,2.82,0,1.033294,-20.141362,220,5,1.1,0.9
2012,1,41.45,4.9,0,18.43,0,1.038506,-18.675791,220,5,1.1,0.9
2019,1,72.08,21.3,0,7.19,0,1.044528,-21.078894,220,5,1.1,0.9
2020,1,0,0,0,9.98,0,1.051074,-24.096673,220,5,1.1,0.9
2021,1,3.9,1,0,3.81,0,1.050096,-24.96566,220,5,1.1,0.9
2035,2,0,0,0,0,0,1.03088,0.693557,380,5,1.1,0.9
2042,1,14.02,6.5,0,0.09,0,1.037536,-5.903671,220,5,1.1,0.9
2043,1,3.2,1.7,0,0.05,0,1.043517,-20.967534,220,5,1.1,0.9
2044,1,0,0,0,0.14,0,1.032138,-12.426968,220,5,1.1,0.9
2050,2,0,0,0,0,0,1.009914,-1.144693,380,5,1.1,0.9
2056,1,0,0,0,7.338808,0,1.038215,-9.076082,380,5,1.1,0.9
2057,1,120.2,20.5,0,19.94,0,1.04971,-30.773674,220,5,1.1,0.9
2072,1,101.2,2.1,0,38.43,0,1.065746,-17.405584,380,5,1.1,0.9
2078,1,77.19,18.6,0,2.22,0,1.020675,-14.721188,220,5,1.1,0.9
2079,1,0,0,0,13.94,0,1.050272,-12.128304,220,5,1.1,0.9
2083,1,121.4,20.2,0,16.61,0,1.035,-18.482915,220,5,1.1,0.9
2085,2,0,0,0,0,0,1.040351,2.467063,380,5,1.1,0.9
2088,1,0,0,0,6.02,0,1.052176,-12.052739,220,5,1.1,0.9
2089,1,199.86,56.93,0,46.83,0,1.04312,-25.770522,220,5,1.1,0.9
2093,1,-5.64,-2.84,0,34.582195,0,1.016671,-8.086067,380,5,1.1,0.9
2101,1,0,0,0,38.32,0,1.02998,-5.549174,380,5,1.1,0.9
2128,1,79.09,18.7,0,10.8,0,1.035961,-23.062582,220,5,1.1,0.9
2129,1,0,0,0,56.686515,0,1.016495,-8.242431,380,5,1.1,0.9
2132,1,107.3,14.2,0,20.23,0,1.039669,-15.783021,220,5,1.1,0.9
2142,1,0,0,0,7.63,0,1.050391,-7.902365,220,5,1.1,0.9
2155,1,63.67,20.2,0,6.13,0,1.037645,-5.893797,220,5,1.1,0.9
2161,1,35.66,-9.39,0,7.89,0,1.048364,-28.662661,220,5,1.1,0.9
2166,1,20.92,7.7,0,1.21,0,1.052887,-14.673236,220,5,1.1,0.9
2174,1,0,0,0,61.795782,0,1.011944,-13.202451,380,5,1.1,0.9
2177,2,0,0,0,0,0,1.07333,-28.416356,220,5,1.1,0.9
2183,1,0,0,0,32.849821,0,0.995876,-16.181883,380,5,1.1,0.9
2189,1,0,0,0,0.18,0,1.047761,-6.28234,220,5,1.1,0.9
2197,2,0,0,0,0,0,1.035528,-6.012095,380,5,1.1,0.9
2208,1,74.98,26.9,0,2.96,0,1.051126,-13.420372,220,5,1.1,0.9
2229,1,0,0,0,2.91,0,1.062959,-13.080678,220,5,1.1,0.9
2230,1,0,0,0,1.71,0,1.036513,-22.481463,220,5,1.1,0.9
2231,1,0,0,0,0.45,0,1.049391,1.166976,220,5,1.1,0.9
2242,1,0,0,0,2.76,0,1.02489,-19.020985,220,5,1.1,0.9
2252,1,100.7,-4.2,0,1.57,0,1.068023,-47.917821,220,5,1.1,0.9
2273,1,141.3,32.4,0,7.29,0,1.074359,-26.339387,220,5,1.1,0.9
2276,2,0,0,0,0,0,1.05324,-23.758819,220,5,1.1,0.9
2286,1,208.88,60.8,0,6.68,0,1.023269,-8.717089,220,5,1.1,0.9
2288,1,170.9,39,0,11.25,0,1.034468,-8.57662,220,5,1.1,0.9
2291,2,0,0,0,0,0,1.072528,-10.610728,220,5,1.1,0.9
2303,1,0,0,0,7.94,0,1.03744,-15.856049,220,5,1.1,0.9
2304,1,88.7,-0.1,0,2.83,0,1.058495,-25.832763,220,5,1.1,0.9
2308,1,32.04,6.6,0,0.44,0,1.038612,-24.078628,220,5,1.1,0.9
2313,1,0,0,0,0.41,0,1.046654,-21.265608,220,5,1.1,0.9
2319,1,39.64,20.9,0,0.65,0,1.061069,-8.962289,220,5,1.1,0.9
2327,1,114.5,25.2,0,17.57,0,1.047194,-25.133812,220,5,1.1,0.9
2328,1,0,0,0,0.4,0,1.017489,-14.250876,220,5,1.1,0.9
2337,1,103.4,27,0,1.41,0,1.045493,-29.7818,220,5,1.1,0.9
2340,1,96.91,13.9,0,3.98,0,1.03958,-12.236094,220,5,1.1,0.9
2341,1,0,0,0,3.28,0,1.065118,-26.070582,220,5,1.1,0.9
2359,2,0,0,0,0,0,1.024884,-9.921886,380,5,1.1,0.9
2360,1,215.5,31.3,0,14.23,0,1.044563,-21.085033,220,5,1.1,0.9
2361,1,16.9,3.85,0,25.09,0,1.052288,-29.004707,220,5,1.1,0.9
2365,1,37.94,15.4,0,117.386167,0,1.033702,-22.17424,380,5,1.1,0.9
2372,1,0,0,0,14.490904,0,0.991274,-17.482034,380,5,1.1,0.9
2377,1,101.7,17.6,0,13.14,0,1.036655,-14.897845,220,5,1.1,0.9
2393,1,20.82,0,0,0.13,0,1.070495,7.700354,220,5,1.1,0.9
2406,1,0,0,0,1.69,0,1.048666,-24.428158,220,5,1.1,0.9
2421,2,0,0,0,0,0,1.047766,-23.702161,220,5,1.1,0.9
2424,1,44.55,16.8,0,2.31,0,1.034979,-22.416002,220,5,1.1,0.9
2425,2,0,0,0,0,0,1.041186,-9.882232,220,5,1.1,0.9
2426,2,0,0,0,0,0,1.037687,-13.762974,220,5,1.1,0.9
2430,1,0,0,0,6.21,0,1.041369,-11.921713,220,5,1.1,0.9
2432,1,291.2,35.4,0,21.87,0,1.030479,-32.300033,220,5,1.1,0.9
2438,1,0,0,0,0.64,0,1.046626,-21.265307,220,5,1.1,0.9
2446,2,0,0,0,0,0,1.06157,7.557722,380,5,1.1,0.9
2457,1,30.73,9.6,0,2.75,0,1.040059,-24.619174,220,5,1.1,0.9
2458,1,132,26,0,27.18,0,1.006537,-13.460583,380,5,1.1,0.9
2467,1,0,0,0,11.65,0,1.018095,-14.100158,220,5,1.1,0.9
2468,2,0,0,0,0,0,1.048132,-6.215141,220,5,1.1,0.9
2475,1,0,0,0,0.21,0,1.065573,-7.808732,220,5,1.1,0.9
2479,1,-2.65,-1.17,0,65.673108,0,1.008158,-2.627166,380,5,1.1,0.9
2481,2,0,0,0,0,0,1.042777,-18.185589,220,5,1.1,0.9
2489,2,0,0,0,0,0,1.049366,1.167288,220,5,1.1,0.9
2503,1,0,0,0,2.09,0,1.012856,-21.48175,220,5,1.1,0.9
2510,1,115.87,29.41,0,7.92,0,1.028486,-12.08393,220,5,1.1,0.9
2518,1,-5.29,-1.91,0,42.622979,0,0.999088,-11.536983,380,5,1.1,0.9
2526,1,238.45,46.86,0,125.534496,0,1.044376,-19.855823,380,5,1.1,0.9
2527,1,59.77,16.7,0,0.64,0,1.043988,-4.63491,220,5,1.1,0.9
2535,1,51.56,2.1,0,0.18,0,1.037544,-2.896669,220,5,1.1,0.9
2550,2,0,0,0,0,0,1.049384,-6.666685,220,5,1.1,0.9
2558,1,159.27,38.31,0,2.18,0,1.023305,-16.640241,220,5,1.1,0.9
2563,1,52.86,13,0,6.04,0,1.046977,-4.707678,220,5,1.1,0.9
2575,1,62.97,17.4,0,0.3,0,1.04159,-2.724929,220,5,1.1,0.9
2591,1,253.77,84.6,0,20.71,0,1.030923,-15.233022,220,5,1.1,0.9
2597,1,14.72,5.4,0,0.72,0,1.033106,-10.863404,220,5,1.1,0.9
2598,1,25.63,12.7,0,8.42,0,1.040506,-15.286014,220,5,1.1,0.9
2600,2,0,0,0,0,0,1.038821,-13.64341,220,5,1.1,0.9
2627,2,0,0,0,0,0,1.061488,7.521439,380,5,1.1,0.9
2629,1,203.1,65.2,0,0.64,0,1.045498,-24.492103,220,5,1.1,0.9
2641,1,0,0,0,1.72,0,1.042124,-11.251293,220,5,1.1,0.9
2644,1,0,0,0,0.19,0,1.07369,-24.808555,220,5,1.1,0.9
2653,2,0,0,0,0,0,1.036517,-23.007774,220,5,1.1,0.9
2654,1,207.1,50.4,0,4.93,0,1.019228,-18.770253,220,5,1.1,0.9
2656,1,-0.72,0,0,69.582294,0,1.034308,-22.749906,380,5,1.1,0.9
2676,1,123.24,23.65,0,6.44,0,1.035697,-14.93988,220,5,1.1,0.9
2689,1,0,0,0,0.45,0,1.034001,-3.213772,220,5,1.1,0.9
2695,1,16.22,8.9,0,2.2,0,1.038344,-21.004788,220,5,1.1,0.9
2702,1,151.7,27.6,0,6.49,0,1.043222,-25.609448,220,5,1.1,0.9
2719,2,0,0,0,0,0,1.035384,-15.495326,220,5,1.1,0.9
2721,1,0,0,0,10.040547,0,0.983623,-22.371652,380,5,1.1,0.9
2732,1,85.59,20.72,0,142.79,0,1.013054,-10.064991,380,5,1.1,0.9
2749,1,55.56,26.5,0,1.09,0,1.049925,-30.124895,220,5,1.1,0.9
2751,1,34.54,8.6,0,5.05,0,1.042162,-21.896741,220,5,1.1,0.9
2754,1,0,0,0,3.72,0,1.051994,-13.365671,220,5,1.1,0.9
2770,1,85.39,14.3,0,0.35,0,1.047946,-9.667144,220,5,1.1,0.9
2782,1,-28.13,-0.81,0,0.1,0,1.06184,-11.404239,220,5,1.1,0.9
2786,2,0,0,0,0,0,1.073795,6.427789,380,5,1.3,0.7
2794,1,0,0,0,0.39,0,1.035004,-18.482955,220,5,1.1,0.9
2795,1,0,0,0,1.94,0,1.070164,-32.44656,220,5,1.1,0.9
2797,2,0,0,0,0,0,1.042226,-4.483231,220,5,1.1,0.9
2799,2,0,0,0,0,0,1.05396,-12.355638,220,5,1.1,0.9
2801,1,0,0,0,12.17,0,1.041023,-24.502823,220,5,1.1,0.9
2806,1,0,0,0,0.39,0,1.050477,0.170291,220,5,1.1,0.9
2815,1,25.33,14.2,0,4.05,0,1.03655,-22.984441,220,5,1.1,0.9
2816,2,0,0,0,0,0,1.053944,-0.390904,380,5,1.1,0.9
2841,2,0,0,0,0,0,1.08248,-26.223645,220,5,1.1,0.9
2842,2,0,0,0,0,0,1.043712,-6.650222,220,5,1.1,0.9
2847,1,40.14,8.8,0,0.82,0,1.050663,-3.956106,220,5,1.1,0.9
2848,1,453.23,139.16,0,25.583218,0,0.998047,-7.830482,380,5,1.1,0.9
2850,1,0,0,0,4.76,0,1.03307,-18.741426,220,5,1.1,0.9
2854,1,-12.33,-2.65,0,69.323028,0,1.044838,-10.677353,380,5,1.1,0.9
2863,1,37.73,13.84,0,0.09,0,1.028402,-11.074681,220,5,1.1,0.9
2866,1,0,0,0,4.21,0,1.03784,-7.272198,220,5,1.1,0.9
2872,2,0,0,0,0,0,1.063841,-10.631082,220,5,1.1,0.9
2877,1,29.93,0,0,0.46,0,1.041807,-14.920901,220,5,1.1,0.9
2878,2,0,0,0,0,0,1.057626,-10.952158,220,5,1.1,0.9
2886,2,0,0,0,0,0,1.055151,-14.128145,220,5,1.1,0.9
2888,1,0,0,0,0.22,0,1.013722,-21.258074,220,5,1.1,0.9
2889,1,0,0,0,3.2,0,1.050185,-1.116811,220,5,1.1,0.9
2898,1,56.76,13.4,0,1.18,0,1.035844,-23.070363,220,5,1.1,0.9
2902,2,0,0,0,0,0,1.059072,-23.273273,220,5,1.1,0.9
2910,1,0,0,0,2.87,0,1.040554,-2.262281,220,5,1.1,0.9
2918,1,0,0,0,53.25003,0,1.02385,-28.205516,380,5,1.1,0.9
2919,1,0,0,0,32.049116,0,0.991588,-18.308905,380,5,1.1,0.9
2924,1,19.92,7.4,0,17.28,0,1.057573,-33.080856,220,5,1.1,0.9
2928,1,0,0,0,92.38,0,1.074568,-26.335879,220,5,1.1,0.9
2930,2,0,0,0,0,0,1.047695,-12.912307,220,5,1.1,0.9
2931,1,230.7,19.3,0,4.56,0,1.043622,-32.26389,220,5,1.1,0.9
2934,2,0,0,0,0,0,1.051149,-6.52803,220,5,1.1,0.9
2938,1,0,0,0,137.29,0,1.005521,-7.42176,380,5,1.1,0.9
2940,1,103,28.7,0,2.88,0,1.01671,-14.352513,220,5,1.1,0.9
2949,1,0,0,0,11.03,0,1.050433,-4.837602,220,5,1.1,0.9
2961,1,159.9,53.2,0,7.99,0,1.041215,-24.387727,220,5,1.1,0.9
2967,1,0,0,0,0.19,0,1.046973,-17.07434,220,5,1.1,0.9
2968,1,112.51,16.51,0,1.63,0,1.044527,-8.952764,220,5,1.1,0.9
2972,1,97.82,20.59,0,6.67,0,1.038342,-15.064035,220,5,1.1,0.9
2980,1,0,0,0,0.42,0,1.063297,-9.078731,380,5,1.1,0.9
2981,1,0,0,0,1.68,0,1.075422,-15.322665,220,5,1.1,0.9
2985,2,0,0,0,0,0,1.053607,-8.47854,220,5,1.1,0.9
2995,1,0,0,0,3.9,0,1.051891,-3.763961,220,5,1.1,0.9
3013,1,2.2,1.1,0,0.67,0,1.049575,-5.241034,220,5,1.1,0.9
3018,2,0,0,0,0,0,1.041705,-12.798969,220,5,1.1,0.9
3019,1,0,0,0,1.37,0,1.036837,-22.763335,220,5,1.1,0.9
3021,1,74.38,8.8,0,6.1,0,1.042535,-11.458053,220,5,1.1,0.9
3022,1,149,19.8,0,23.89,0,1.038441,-14.928463,380,5,1.1,0.9
3028,2,0,0,0,0,0,1.030654,0.605264,380,5,1.1,0.9
3036,1,116.93,33.6,0,3.35,0,1.046808,-25.175878,220,5,1.1,0.9
3037,1,221,146.8,0,8.35,0,1.04857,-6.585978,220,5,1.1,0.9
3044,1,29.33,5.6,0,6.56,0,1.044991,-21.014316,220,5,1.1,0.9
3051,1,0,0,0,0,0,1.031148,-24.884639,220,5,1.1,0.9
3069,1,89.6,22.7,0,4.06,0,1.033466,-8.740353,220,5,1.1,0.9
3070,1,0,0,0,4.27,0,1.013716,-21.258029,220,5,1.1,0.9
3071,1,0,0,0,2.83,0,1.044715,-7.284056,220,5,1.1,0.9
3072,1,92.9,27.7,0,5.22,0,1.050676,-30.097241,220,5,1.1,0.9
3075,1,30.33,10.5,0,0.33,0,1.020662,-16.898848,220,5,1.1,0.9
3082,1,0,0,0,75.076038,0,0.998938,-15.122127,380,5,1.1,0.9
3083,1,567.97,130.73,0,1.09,0,1.068389,-27.641331,220,5,1.1,0.9
3085,1,64.67,24.5,0,1.46,0,1.067218,-27.697899,220,5,1.1,0.9
3112,1,0,0,0,0,0,1.057299,2.403578,220,5,1.1,0.9
3114,2,0,0,0,0,0,1.071964,-11.598423,220,5,1.1,0.9
3121,1,242.16,73.64,0,12.79,0,1.031627,-7.214885,220,5,1.1,0.9
3126,1,104.78,20.92,0,6.17,0,1.021547,-17.925447,220,5,1.1,0.9
3133,2,0,0,0,0,0,1.065372,-9.169038,220,5,1.1,0.9
3134,2,0,0,0,0,0,1.023117,-15.704702,220,5,1.1,0.9
3137,1,0,0,0,0.03,0,1.065118,-26.070583,220,5,1.1,0.9
3145,1,860.95,-182.67,0,18.309116,0,0.993017,-41.441031,380,5,1.1,0.9
3166,1,184.91,32.8,0,8.35,0,1.039048,-17.527734,220,5,1.1,0.9
3183,2,0,0,0,0,0,1.055515,-11.832574,220,5,1.1,0.9
3184,1,14.12,7.7,0,1.42,0,1.040299,-21.338667,220,5,1.1,0.9
3187,1,107,34.7,0,1.54,0,1.042404,-12.953299,220,5,1.1,0.9
3191,1,127.8,15.2,0,9.34,0,1.040776,-12.071062,220,5,1.1,0.9
3200,1,86.2,19.9,0,5.43,0,1.036168,-23.053307,220,5,1.1,0.9
3204,1,8.51,3.2,0,0.96,0,1.017023,-10.267075,220,5,1.1,0.9
3205,2,0,0,0,0,0,1.041982,-1.292668,380,5,1.1,0.9
3218,2,0,0,0,0,0,1.028507,-11.253521,220,5,1.1,0.9
3221,1,76.38,24.8,0,3.24,0,1.047766,-12.146786,220,5,1.1,0.9
3231,1,251.3,42.6,0,5.47,0,1.025161,-14.287368,220,5,1.1,0.9
3239,1,-5.06,-1.84,0,187.327025,0,1.056229,-11.611515,380,5,1.1,0.9
3240,2,0,0,0,0,0,1.050305,-1.129073,220,5,1.1,0.9
3241,1,132,27,0,4.66,0,1.030192,-17.957576,220,5,1.1,0.9
3243,1,0,0,0,1.18,0,0.990554,-18.181283,380,5,1.1,0.9
3246,1,20.9,-171.5,0,0.21,0,1.080513,7.863586,220,5,1.1,0.9
3248,1,84.19,17.3,0,6.2,0,1.05498,-11.325947,220,5,1.1,0.9
3255,1,0,0,0,1.44,0,1.038882,-22.03657,220,5,1.1,0.9
3276,1,0,0,0,0.13,0,1.050076,-7.893785,220,5,1.1,0.9
3293,1,33.14,11.6,0,4.51,0,1.038075,-11.39812,220,5,1.1,0.9
3306,2,0,0,0,0,0,1.071978,8.08029,220,5,1.1,0.9
3324,2,0,0,0,0,0,1.014126,-16.129669,220,5,1.1,0.9
3325,1,0,0,0,0.91,0,1.033998,-20.055869,220,5,1.1,0.9
3327,1,0,0,0,2.27,0,1.038066,-12.156606,220,5,1.1,0.9
3331,1,0,0,0,4.56,0,1.0175,-10.215862,220,5,1.1,0.9
3344,1,83.29,24.1,0,1.23,0,1.039524,-16.595479,220,5,1.1,0.9
3346,2,0,0,0,0,0,1.01594,-12.063974,380,5,1.1,0.9
3353,2,0,0,0,0,0,1.045739,-3.042188,220,5,1.1,0.9
3364,2,0,0,0,0,0,1.0538,-12.359552,220,5,1.1,0.9
3377,1,77.49,21.4,0,0.05,0,1.018192,-10.51029,220,5,1.1,0.9
3390,2,0,0,0,0,0,1.039984,-11.495624,220,5,1.1,0.9
3391,1,302.5,65.1,0,8.87,0,1.059691,-20.937372,220,5,1.1,0.9
3400,1,0,0,0,17.31,0,1.047571,-25.085016,220,5,1.1,0.9
3401,1,23.22,6.3,0,0.66,0,1.034711,-14.123031,220,5,1.1,0.9
3412,1,0,0,0,0,0,1.057299,2.403578,220,5,1.1,0.9
3422,2,0,0,0,0,0,1.063657,-10.680951,220,5,1.1,0.9
3430,1,125.1,44,0,6.04,0,1.015255,-16.040907,220,5,1.1,0.9
3435,1,0,0,0,10.13,0,1.043606,-25.55539,220,5,1.1,0.9
3436,2,0,0,0,0,0,1.060777,-13.286433,220,5,1.1,0.9
3445,1,45.14,-6.64,0,88.82001,0,0.999706,-5.879329,380,5,1.1,0.9
3450,1,78.99,16.2,0,1.97,0,1.046643,-21.48337,220,5,1.1,0.9
3481,1,142.5,23.6,0,4.24,0,1.023602,-20.789174,220,5,1.1,0.9
3483,1,157.78,276.03,0,91.192543,0,1.051877,2.264367,380,5,1.1,0.9
3485,1,0,0,0,6.501668,0,0.991148,-16.268999,380,5,1.1,0.9
3486,1,101.5,-18.3,0,8.47,0,1.037237,-20.871205,220,5,1.1,0.9
3488,1,55.66,4.5,0,1.33,0,1.038891,-12.374272,220,5,1.1,0.9
3492,2,0,0,0,0,0,1.04852,-8.570568,220,5,1.1,0.9
3496,1,99.3,23.3,0,1.88,0,1.03602,-21.337931,220,5,1.1,0.9
3498,1,138.5,19.3,0,5.26,0,1.04022,-10.181185,220,5,1.1,0.9
3499,1,180.4,71.6,0,81.042938,0,1.035853,-3.63424,380,5,1.1,0.9
3502,1,98.2,19.1,0,10.92,0,1.020854,-10.552336,220,5,1.1,0.9
3503,1,0,0,0,1.93,0,1.032128,-11.505891,220,5,1.1,0.9
3513,2,0,0,0,0,0,1.028771,-3.782955,380,5,1.1,0.9
3519,1,0,0,0,68.053762,0,1.033967,-22.784898,380,5,1.1,0.9
3520,1,0,0,0,2.47,0,1.037612,-5.896123,220,5,1.1,0.9
3526,1,33.34,13.2,0,0.76,0,1.056871,-4.128916,220,5,1.1,0.9
3535,1,0,0,0,0.49,0,1.035787,-24.451001,220,5,1.1,0.9
3541,1,0,0,0,3.34,0,1.039193,-23.983552,220,5,1.1,0.9
3543,1,0,0,0,14.079026,0,0.991625,-17.553669,380,5,1.1,0.9
3545,1,20.12,7.6,0,0.89,0,1.049206,-8.009952,220,5,1.1,0.9
3557,1,87.2,31.8,0,5.96,0,1.048975,-30.444694,220,5,1.1,0.9
3558,1,0,0,0,2.51,0,1.062152,2.457422,220,5,1.1,0.9
3565,2,0,0,0,0,0,1.081614,-26.430835,220,5,1.1,0.9
3577,1,-38.7,-12.99,0,13.47383,0,1.031951,-5.185856,380,5,1.1,0.9
3579,1,277.72,7.35,0,3.58,0,1.072032,-39.86741,220,5,1.1,0.9
3580,2,0,0,0,0,0,1.07602,-33.404876,220,5,1.1,0.9
3589,1,37.54,18.3,0,0.22,0,1.042938,-6.728326,220,5,1.1,0.9
3594,1,31.43,6.6,0,3.32,0,1.034276,-19.803995,220,5,1.1,0.9
3601,1,0,0,0,0.23,0,1.040409,-21.360272,220,5,1.1,0.9
3602,1,86.6,14.9,0,1.34,0,1.032076,-18.933744,220,5,1.1,0.9
3608,1,0,0,0,58.146813,0,1.00943,-41.64982,380,5,1.1,0.9
3609,1,-28.13,-0.82,0,0.1,0,1.061834,-11.405533,220,5,1.1,0.9
3610,1,185.8,31.8,0,3.73,0,1.03662,-22.744804,220,5,1.1,0.9
3611,2,0,0,0,0,0,1.03905,-18.955066,220,5,1.1,0.9
3613,1,152.5,14.4,0,24.61,0,1.03039,-28.045674,380,5,1.1,0.9
3643,1,24.23,6.4,0,3.9,0,1.033238,-19.364356,220,5,1.1,0.9
3645,1,42.55,17.6,0,17.28,0,1.057259,-33.103595,220,5,1.1,0.9
3649,1,0,0,0,4.86,0,1.049277,-36.568687,220,5,1.1,0.9
3654,1,20.72,5,0,6.64,0,1.074155,-26.393413,220,5,1.1,0.9
3656,2,0,0,0,0,0,1.070983,-11.746409,220,5,1.1,0.9
3657,1,131,1.3,0,120.45,0,1.075593,-26.08278,220,5,1.1,0.9
3661,2,0,0,0,0,0,1.059676,4.513427,380,5,1.1,0.9
3670,1,28.03,6.5,0,6.32,0,1.036121,-21.979516,220,5,1.1,0.9
3672,1,82.99,25.9,0,0.23,0,1.032626,-12.873557,220,5,1.1,0.9
3674,1,155.05,39.56,0,6.27,0,1.042158,-14.835571,220,5,1.1,0.9
3680,1,0,0,0,12.4,0,1.035367,-15.507057,220,5,1.1,0.9
3697,1,-32.71,-13.76,0,135.136611,0,1.04888,-20.581455,380,5,1.1,0.9
3698,2,0,0,0,0,0,1.041813,-24.312887,220,5,1.1,0.9
3701,1,0,0,0,0.43,0,1.048029,-25.022699,220,5,1.1,0.9
3707,1,77.49,17.3,0,0.1,0,1.050811,-15.306372,220,5,1.1,0.9
3718,1,179.4,58.3,0,0.64,0,1.04576,-25.247909,220,5,1.1,0.9
3737,1,42.48,10.36,0,0.37,0,1.036909,-2.934488,220,5,1.1,0.9
3740,1,0,0,0,13.03,0,1.03798,-21.218929,220,5,1.1,0.9
3741,2,0,0,0,0,0,1.031629,0.717314,380,5,1.1,0.9
3749,1,115.1,16.4,0,7.67,0,1.041217,-17.23173,220,5,1.1,0.9
3758,1,83.49,17.4,0,19.32,0,1.023928,-19.012865,220,5,1.1,0.9
3760,1,163.5,44.9,0,1.17,0,1.058074,-20.932224,220,5,1.1,0.9
3768,1,19.82,10.9,0,0.05,0,1.042031,-21.905161,220,5,1.1,0.9
3775,1,55.54,15.06,0,6.28,0,1.001347,-23.504647,220,5,1.1,0.9
3786,1,0,0,0,26.98,0,1.052535,-19.650048,220,5,1.1,0.9
3793,1,197.7,67.65,0,13.58,0,1.034254,-20.635259,220,5,1.1,0.9
3794,1,165.3,7.4,0,28.32,0,1.030869,-28.137864,380,5,1.1,0.9
3809,2,0,0,0,0,0,1.084785,-33.980103,220,5,1.1,0.9
3814,1,130.5,24.7,0,0.4,0,1.041172,-21.968498,220,5,1.1,0.9
3817,1,0,0,0,1.02,0,1.089268,-15.202915,220,5,1.1,0.9
3818,1,44.45,10.9,0,2.23,0,1.042892,-25.785119,220,5,1.1,0.9
3825,2,0,0,0,0,0,1.026994,-8.529973,380,5,1.1,0.9
3830,1,0,0,0,97.326028,0,0.99448,-13.765558,380,5,1.1,0.9
3834,1,160,69.2,0,0.19,0,1.036267,-22.248651,220,5,1.1,0.9
3855,1,-38.73,-15.32,0,97.23,0,1.07551,-26.170776,220,5,1.1,0.9
3857,1,0,0,0,11.68,0,1.081278,-23.127573,220,5,1.1,0.9
3865,1,0,0,0,2.26,0,1.027017,-14.866102,220,5,1.1,0.9
3866,1,201.06,19.46,0,2.87,0,1.048033,-27.549636,220,5,1.1,0.9
3869,2,0,0,0,0,0,1.031907,1.193974,380,5,1.1,0.9
3876,2,0,0,0,0,0,1.044501,-9.587109,220,5,1.1,0.9
3880,1,-28.13,-0.82,0,0.09,0,1.061821,-11.404764,220,5,1.1,0.9
3894,1,0,0,0,4.77,0,1.02402,-15.319245,220,5,1.1,0.9
3903,1,0,0,0,4.36,0,1.051358,-24.515174,220,5,1.1,0.9
3906,1,0,0,0,98.2,0,1.037271,-13.381903,380,5,1.1,0.9
3912,1,0,0,0,19.73,0,1.038244,-21.078792,220,5,1.1,0.9
3916,2,0,0,0,0,0,1.043758,-14.004059,220,5,1.1,0.9
3918,1,-11.8,-5.47,0,88.050735,0,1.02393,-1.867594,380,5,1.1,0.9
3919,1,0,0,0,39.95,0,1.024896,-6.075842,380,5,1.1,0.9
3925,1,89.3,25.1,0,2.98,0,1.026482,-13.116396,220,5,1.1,0.9
3928,1,105.2,24.2,0,0.25,0,1.046535,-4.757211,220,5,1.1,0.9
3929,1,48.95,11.6,0,2,0,1.03267,-20.217595,220,5,1.1,0.9
3951,2,0,0,0,0,0,1.027439,-12.908691,220,5,1.1,0.9
3956,1,0,0,0,1.18,0,1.049338,-24.08911,220,5,1.1,0.9
3962,1,19.42,11.8,0,2.6,0,1.041036,-23.700249,220,5,1.1,0.9
3969,1,0,0,0,0.84,0,1.018397,-10.494183,220,5,1.1,0.9
3971,2,0,0,0,0,0,1.063145,-8.854993,220,5,1.1,0.9
3975,1,148,26.1,0,9.44,0,0.986357,-24.771259,220,5,1.1,0.9
3985,1,77.19,26.5,0,6.2,0,1.047148,-0.061532,220,5,1.1,0.9
3994,1,36.34,10.4,0,2.67,0,1.035393,-2.725702,220,5,1.1,0.9
3997,1,26.13,9.7,0,2.37,0,1.042584,-11.956467,220,5,1.1,0.9
3999,1,110.8,36.9,0,23.2,0,1.051666,-6.639084,220,5,1.1,0.9
4000,1,0,0,0,24.103274,0,0.991622,-15.520854,380,5,1.1,0.9
4005,1,171.18,28.49,0,0,0,1.067869,-31.620043,220,5,1.1,0.9
4024,2,0,0,0,0,0,1.040328,2.440561,380,5,1.1,0.9
4025,1,0,0,0,2.67,0,1.035538,-2.7146,220,5,1.1,0.9
4031,1,0,0,0,6.42,0,1.063769,-10.640029,220,5,1.1,0.9
4032,1,265.7,113.5,0,1.85,0,0.999578,-11.699686,220,5,1.1,0.9
4039,1,0,0,0,1.18,0,1.037985,-22.526852,220,5,1.1,0.9
4049,1,0,0,0,0.89,0,1.017178,-10.133503,220,5,1.1,0.9
4054,1,0,0,0,2.71,0,1.035023,-18.483102,220,5,1.1,0.9
4056,2,0,0,0,0,0,1.038526,-9.78553,220,5,1.1,0.9
4060,1,0,0,0,2.08,0,1.066903,-14.674014,220,5,1.1,0.9
4084,2,0,0,0,0,0,1.063234,-8.796721,220,5,1.1,0.9
4100,1,0,0,0,1.23,0,1.063607,-10.700214,220,5,1.1,0.9
4103,1,81.09,12.5,0,2.4,0,1.037109,-21.700054,220,5,1.1,0.9
4110,1,13.01,3.8,0,3.59,0,1.048623,0.630118,220,5,1.1,0.9
4114,1,9.91,5.4,0,4.6,0,1.048622,-24.482065,220,5,1.1,0.9
4118,2,0,0,0,0,0,1.027195,-14.802318,220,5,1.1,0.9
4125,2,0,0,0,0,0,1.003502,-8.417156,380,5,1.1,0.9
4127,1,39.14,7.7,0,11.68,0,1.033235,-20.156948,220,5,1.1,0.9
4128,2,0,0,0,0,0,1.019761,-15.71382,220,5,1.1,0.9
4134,1,0,0,0,0.09,0,1.074144,-33.622001,220,5,1.1,0.9
4141,1,-0.62,0,0,75.020288,0,1.032772,-21.096452,380,5,1.1,0.9
4143,1,11.11,4.1,0,0.8,0,1.05009,-1.152786,220,5,1.1,0.9
4144,1,310.2,4.5,0,8.51,0,1.048354,-19.735876,220,5,1.1,0.9
4157,1,0,0,0,1.2,0,1.074571,-26.335983,220,5,1.1,0.9
4185,1,87.5,21.3,0,7.52,0,1.042708,-25.806182,220,5,1.1,0.9
4186,1,0,0,0,5.06,0,1.036176,-23.132591,220,5,1.1,0.9
4189,1,200.65,30.72,0,9.72,0,1.037191,-26.003681,220,5,1.1,0.9
4196,1,-3.2,-1.05,0,48.471563,0,1.029571,-7.552855,380,5,1.1,0.9
4197,1,9.01,4.9,0,0.64,0,1.06874,0.692131,220,5,1.1,0.9
4205,1,5.81,1.7,0,0.42,0,1.052019,-12.684377,220,5,1.1,0.9
4215,1,0,0,0,17.29,0,1.046292,-23.032269,220,5,1.1,0.9
4231,3,0,0,0,0,0,1.049182,0,380,5,1.1,0.9
4234,1,0,0,0,8.95,0,1.046192,-17.159976,220,5,1.1,0.9
4235,1,0,0,0,12.68,0,1.053821,-19.119448,220,5,1.1,0.9
4239,1,190.7,52,0,20.57,0,1.052709,-13.186066,220,5,1.1,0.9
4245,1,24.93,9.6,0,0.09,0,1.041034,-9.897904,220,5,1.1,0.9
4251,1,47.15,15.7,0,5.41,0,1.026731,-17.726744,220,5,1.1,0.9
4267,1,70.78,19.6,0,7.9,0,1.038616,-8.918342,220,5,1.1,0.9
4281,1,0,0,0,11.4,0,1.05107,-11.692848,220,5,1.1,0.9
4300,1,81.49,25.1,0,0.36,0,1.00381,-16.189999,220,5,1.1,0.9
4301,1,0,0,0,2.27,0,1.038253,-21.079157,220,5,1.1,0.9
4306,1,0,0,0,0.3,0,1.034875,-30.808256,380,5,1.1,0.9
4313,1,133.4,29.4,0,10.87,0,1.043554,-21.132272,220,5,1.1,0.9
4314,1,26.13,2.7,0,1.7,0,1.044059,-14.213235,220,5,1.1,0.9
4324,1,307.42,-38.3,0,0,0,1.06402,-29.724601,220,5,1.1,0.9
4331,2,0,0,0,0,0,1.028646,-11.048944,220,5,1.1,0.9
4339,1,0,0,0,42.345005,0,0.994972,-15.805227,380,5,1.1,0.9
4353,1,165.8,44,0,6.15,0,1.055169,-26.615369,220,5,1.1,0.9
4355,1,65.07,15,0,1.37,0,1.07349,-26.435642,220,5,1.1,0.9
4357,1,235,58.9,0,14.47,0,1.046909,-15.944189,220,5,1.1,0.9
4368,1,90.6,15.8,0,7.99,0,1.060945,-25.082183,220,5,1.1,0.9
4395,2,0,0,0,0,0,1.039834,-20.6569,220,5,1.1,0.9
4402,1,0,0,0,1.02,0,1.089271,-15.202973,220,5,1.1,0.9
4410,1,45.05,13.2,0,44.93,0,1.046754,-36.877378,220,5,1.1,0.9
4418,1,0,0,0,0.05,0,1.076968,-24.357646,220,5,1.1,0.9
4419,2,0,0,0,0,0,1.059565,4.496453,380,5,1.1,0.9
4426,1,485.5,-63.38,0,34.92,0,1.068079,-46.755413,220,5,1.1,0.9
4432,1,0,0,0,0.8,0,1.07457,-26.335948,220,5,1.1,0.9
4435,1,0,0,0,102.217726,0,1.006778,-8.596561,380,5,1.1,0.9
4454,1,0,0,0,1,0,0.987785,-18.481884,220,5,1.1,0.9
4480,2,0,0,0,0,0,1.071852,7.973164,220,5,1.1,0.9
4482,2,0,0,0,0,0,1.049914,-6.455681,220,5,1.1,0.9
4484,1,69.78,25,0,14.24,0,1.051896,-13.325368,220,5,1.1,0.9
4491,1,0,0,0,1.75,0,1.032064,-28.901791,220,5,1.1,0.9
4494,1,0,0,0,55.514618,0,1.024773,-0.869931,380,5,1.1,0.9
4504,1,170.1,-9.3,0,5.97,0,1.072324,-42.518571,220,5,1.1,0.9
4505,1,95.51,17.1,0,8.5,0,1.047176,-15.911012,220,5,1.1,0.9
4506,2,0,0,0,0,0,1.036047,-5.941934,220,5,1.1,0.9
4511,1,81.89,19.9,0,5.1,0,1.041941,-25.929686,220,5,1.1,0.9
4513,1,92.1,29.5,0,3.14,0,1.030552,-9.829625,220,5,1.1,0.9
4520,1,0,0,0,0.94,0,1.017179,-10.133508,220,5,1.1,0.9
4525,1,0,0,0,6.12,0,1.060611,-8.826883,220,5,1.1,0.9
4529,1,48.48,8.7,0,10.14,0,1.055612,-15.125162,220,5,1.1,0.9
4541,1,0,0,0,150.797812,0,1.023455,-9.910829,380,5,1.1,0.9
4544,1,0,0,0,14.64,0,1.047769,-14.697837,220,5,1.1,0.9
4549,1,0,0,0,0.3,0,1.03214,-11.506046,220,5,1.1,0.9
4550,1,0,0,0,124.2,0,1.019271,-10.38876,380,5,1.1,0.9
4554,1,119,21.9,0,0.95,0,1.041048,-9.799798,220,5,1.1,0.9
4562,1,130.5,25.7,0,2.27,0,1.02147,-16.819485,220,5,1.1,0.9
4566,2,0,0,0,0,0,1.073282,-27.676255,220,5,1.1,0.9
4580,1,11.01,3.9,0,7.98,0,1.045713,-12.00096,220,5,1.1,0.9
4594,1,-1.73,-1.71,0,22.062314,0,0.998779,-5.591046,380,5,1.1,0.9
4598,1,0,0,0,52.958443,0,1.024757,-7.997137,380,5,1.1,0.9
4615,1,42.55,17.6,0,1.2,0,1.066957,-25.393864,220,5,1.1,0.9
4623,1,0,0,0,80.388213,0,0.9943,-16.866228,380,5,1.1,0.9
4624,2,0,0,0,0,0,1.042135,-15.685962,220,5,1.1,0.9
4656,1,93.9,-0.4,0,3.66,0,1.052781,-19.605607,220,5,1.1,0.9
4661,2,0,0,0,0,0,1.049813,-26.16746,220,5,1.1,0.9
4674,1,124,29.2,0,0.53,0,1.032396,-12.4247,220,5,1.1,0.9
4679,1,102.7,17.8,0,48.05,0,1.042344,-20.616305,220,5,1.1,0.9
4683,1,38.84,8.5,0,7.31,0,1.052059,-3.729961,220,5,1.1,0.9
4685,1,46.15,11.2,0,10.16,0,1.042999,-25.790941,220,5,1.1,0.9
4689,1,109.7,15,0,30.97,0,1.048918,-30.792772,220,5,1.1,0.9
4701,2,0,0,0,0,0,1.043063,-9.879302,380,5,1.1,0.9
4710,1,195.4,76.84,0,8.59,0,1.026719,-9.176978,220,5,1.1,0.9
4711,1,0,0,0,16.11,0,1.042937,-11.415152,220,5,1.1,0.9
4725,1,4.91,1.6,0,4.15,0,1.014202,-10.601951,220,5,1.1,0.9
4728,1,3.1,0.1,0,1.34,0,1.040401,-21.360189,220,5,1.1,0.9
4729,1,0,0,0,2.38,0,1.032006,-8.433928,220,5,1.1,0.9
4734,1,0,0,0,25.339116,0,1.014516,-10.190708,380,5,1.1,0.9
4738,1,101.89,25.72,0,5.11,0,1.06866,-10.715961,220,5,1.1,0.9
4747,1,93.3,27.8,0,6.1,0,1.035644,-12.325346,220,5,1.1,0.9
4748,1,0,0,0,1.49,0,1.032136,-12.426948,220,5,1.1,0.9
4765,1,33.04,10.1,0,0.43,0,1.03734,-12.246628,220,5,1.1,0.9
4783,2,0,0,0,0,0,1.071981,8.277038,220,5,1.1,0.9
4787,1,71.98,27.1,0,7.2,0,0.99123,-14.709219,380,5,1.1,0.9
4816,2,0,0,0,0,0,1.067305,-23.812093,220,5,1.1,0.9
4819,2,0,0,0,0,0,1.031907,1.213157,380,5,1.1,0.9
4823,2,0,0,0,0,0,1.067114,-14.648331,220,5,1.1,0.9
4826,1,103.6,16,0,11.22,0,1.076968,-24.357644,220,5,1.1,0.9
4829,1,171.9,39.1,0,4.23,0,1.020877,-5.66958,220,5,1.1,0.9
4831,1,130.4,44.33,0,5.22,0,1.023656,-15.867691,220,5,1.1,0.9
4850,2,0,0,0,0,0,1.054975,-13.889155,220,5,1.1,0.9
4852,1,45.55,-59.9,0,30.04,0,1.040672,-20.328499,220,5,1.1,0.9
4864,1,-28.21,-6,0,0.05,0,1.037977,-12.814047,220,5,1.1,0.9
4867,1,65.77,27.3,0,0.49,0,1.031537,-3.407292,220,5,1.1,0.9
4874,1,-0.58,-53.03,0,6.85,0,1.07611,-39.379591,220,5,1.1,0.9
4880,2,0,0,0,0,0,1.034991,-15.897969,220,5,1.1,0.9
4885,1,166.4,50.4,0,1.23,0,1.074189,-26.349591,220,5,1.1,0.9
4889,1,74.98,19.8,0,6.47,0,1.034333,-12.232863,220,5,1.1,0.9
4907,1,125.16,29.2,0,2.69,0,1.041821,-13.302552,220,5,1.1,0.9
4908,1,50.06,9.9,0,11.56,0,1.037684,-21.273347,220,5,1.1,0.9
4914,1,14.91,-8.73,0,34.66,0,1.036628,-22.980806,220,5,1.1,0.9
4918,2,0,0,0,0,0,1.057325,-11.046567,220,5,1.1,0.9
4925,1,0,0,0,0.3,0,1.036525,-22.48156,220,5,1.1,0.9
4936,1,312.2,28,0,48.6,0,1.049019,-30.699604,220,5,1.1,0.9
4939,1,56.76,31.1,0,0.37,0,1.043989,-4.549265,220,5,1.1,0.9
4942,1,109.9,33.6,0,3.72,0,1.028311,-12.898354,220,5,1.1,0.9
4950,1,218.7,-9.1,0,49,0,1.036717,-40.104666,220,5,1.1,0.9
4951,1,183.95,-6.47,0,5.74,0,1.053531,-1.663312,220,5,1.1,0.9
4952,2,0,0,0,0,0,1.045386,-17.502534,220,5,1.1,0.9
4970,1,0,0,0,171.931977,0,1.064315,-17.672609,380,5,1.1,0.9
4974,1,89.08,26.9,0,4.68,0,1.023886,-13.4778,220,5,1.1,0.9
5002,1,0,0,0,4.34,0,1.071581,-8.674239,220,5,1.1,0.9
5003,1,17.87,-8.59,0,0.21,0,1.042135,-9.676575,220,5,1.1,0.9
5004,2,0,0,0,0,0,1.0663,-15.374553,220,5,1.1,0.9
5007,1,0,0,0,40.291745,0,1.021829,-15.303707,380,5,1.1,0.9
5016,1,0,0,0,8.347383,0,1.02139,-5.019103,380,5,1.1,0.9
5019,2,0,0,0,0,0,1.047693,-12.9179,220,5,1.1,0.9
5049,1,136.6,29,0,2.05,0,1.01997,-20.429759,220,5,1.1,0.9
5051,2,0,0,0,0,0,1.037373,-16.452704,220,5,1.1,0.9
5067,2,0,0,0,0,0,1.021924,-7.972254,380,5,1.1,0.9
5077,1,30.93,5.8,0,4.45,0,1.055018,-26.635396,220,5,1.1,0.9
5083,1,80.39,10.8,0,0.35,0,1.039314,-12.19306,220,5,1.1,0.9
5093,1,70.78,28,0,1.49,0,1.010775,-14.861295,220,5,1.1,0.9
5099,1,0,0,0,9.34,0,1.058325,1.539585,220,5,1.1,0.9
5106,1,39.94,13,0,2.47,0,1.071273,-31.590024,220,5,1.1,0.9
5110,2,0,0,0,0,0,1.032061,-10.28337,220,5,1.1,0.9
5120,2,0,0,0,0,0,1.055539,-23.597086,220,5,1.1,0.9
5131,1,0,0,0,7.84,0,1.074641,-26.336733,220,5,1.1,0.9
5137,1,16.92,0,0,0.57,0,1.025017,-16.369795,220,5,1.1,0.9
5144,2,0,0,0,0,0,1.035201,-3.127844,380,5,1.1,0.9
5146,1,229.9,48.9,0,8.36,0,1.01309,-34.0847,220,5,1.1,0.9
5174,1,0,0,0,8.19,0,1.045055,-21.030104,220,5,1.1,0.9
5179,1,179.8,5.67,0,12.83,0,1.049521,-30.437104,220,5,1.1,0.9
5182,1,0,0,0,0.18,0,1.04247,-7.991956,220,5,1.1,0.9
5212,1,0,0,0,0.2,0,1.043532,-11.000335,220,5,1.1,0.9
5213,1,246.8,36.3,0,16.01,0,1.046557,-26.37211,220,5,1.1,0.9
5215,1,0,0,0,0.89,0,1.029858,-5.840941,220,5,1.1,0.9
5233,1,0,0,0,14.04,0,1.040607,-10.965139,220,5,1.1,0.9
5237,2,0,0,0,0,0,1.052719,-14.75067,220,5,1.1,0.9
5241,1,0,0,0,70.905048,0,1.030298,-3.61649,380,5,1.1,0.9
5256,1,91,36,0,5.47,0,1.00434,-16.654648,220,5,1.1,0.9
5257,1,0,0,0,0.18,0,1.04776,-6.282341,220,5,1.1,0.9
5270,1,0,0,0,7.4,0,1.040679,-21.118583,220,5,1.1,0.9
5278,2,0,0,0,0,0,1.042037,-24.259299,220,5,1.1,0.9
5286,1,17.22,5.1,0,0.99,0,1.037376,-22.164674,220,5,1.1,0.9
5288,1,0,0,0,3.06,0,0.998946,-15.122249,380,5,1.1,0.9
5297,1,55.26,11,0,7.68,0,1.041403,-24.362719,220,5,1.1,0.9
5300,1,0,0,0,1.3,0,1.045246,-10.990672,220,5,1.1,0.9
5308,1,0,0,0,42.19206,0,0.984486,-18.190432,380,5,1.1,0.9
5317,1,293.2,87.4,0,26.36,0,1.028707,-44.346536,220,5,1.1,0.9
5334,1,17.52,6.6,0,3.79,0,1.033829,-12.746707,220,5,1.1,0.9
5340,2,0,0,0,0,0,1.054941,-11.154638,220,5,1.1,0.9
5341,1,64.27,17.5,0,0.43,0,1.011142,-21.65338,220,5,1.1,0.9
5350,1,0,0,0,28.208233,0,0.981529,-24.398889,380,5,1.1,0.9
5351,1,0,0,0,3.28,0,1.034562,-14.13742,220,5,1.1,0.9
5354,1,70.18,19.5,0,3.59,0,1.045497,-8.643995,220,5,1.1,0.9
5362,1,152.73,-17.2,0,45.85,0,1.043688,-24.235922,220,5,1.1,0.9
5365,2,0,0,0,0,0,1.061754,-11.4194,220,5,1.1,0.9
5379,2,0,0,0,0,0,1.107976,-6.815844,380,5,1.3,0.7
5383,1,0,0,0,24.7,0,1.048549,-24.463345,220,5,1.1,0.9
5388,1,159.5,42,0,2.3,0,1.013391,-14.763695,220,5,1.1,0.9
5393,1,0,0,0,9.43,0,1.065867,-15.42107,220,5,1.1,0.9
5395,2,0,0,0,0,0,1.048137,-27.33134,220,5,1.1,0.9
5400,1,241.62,52.78,0,0.82,0,1.025608,-14.012865,220,5,1.1,0.9
5410,1,69.78,26,0,5.18,0,1.045719,-21.375392,220,5,1.1,0.9
5413,1,0,0,0,5.57,0,1.036008,-18.03631,220,5,1.1,0.9
5417,1,32.74,5.3,0,3.07,0,1.057776,-12.050099,220,5,1.1,0.9
5418,1,0,0,0,3.96,0,1.037717,-21.273778,220,5,1.1,0.9
5419,1,349.3,144.3,0,0.54,0,1.021201,-15.134475,220,5,1.1,0.9
5420,1,56.96,1.94,0,26.48,0,1.024419,-22.859247,380,5,1.1,0.9
5421,1,0,0,0,0.92,0,0.998945,-15.122174,380,5,1.1,0.9
5441,1,138.01,34.55,0,8.44,0,1.037781,-2.820227,220,5,1.1,0.9
5455,1,0,0,0,5.27,0,1.042465,-7.991918,220,5,1.1,0.9
5458,1,0,0,0,9.09,0,1.038913,-21.424694,220,5,1.1,0.9
5460,1,-15.89,-6.42,0,38.657071,0,0.992989,-17.9255,380,5,1.1,0.9
5461,2,0,0,0,0,0,1.06213,-18.41436,380,5,1.1,0.9
5469,1,106.6,-18.8,0,4.1,0,1.067374,-38.727555,220,5,1.1,0.9
5477,1,0,0,0,18.02,0,1.075392,-26.166931,220,5,1.1,0.9
5481,2,0,0,0,0,0,1.063711,-8.933875,380,5,1.1,0.9
5482,2,0,0,0,0,0,1.044486,-7.317519,220,5,1.1,0.9
5486,2,0,0,0,0,0,1.059636,4.495854,380,5,1.1,0.9
5488,2,0,0,0,0,0,1.041881,-29.8855,220,5,1.1,0.9
5490,2,0,0,0,0,0,1.068845,-15.202054,380,5,1.1,0.9
5502,1,0,0,0,0.58,0,1.038483,-20.512891,220,5,1.1,0.9
5519,1,0,0,0,1.98,0,1.048798,-24.5238,220,5,1.1,0.9
5522,1,0,0,0,1.18,0,1.068862,0.701223,220,5,1.1,0.9
5525,1,236.33,59.35,0,18.71,0,1.03913,-14.017648,220,5,1.1,0.9
5529,1,0,0,0,0.36,0,1.037801,-2.820407,220,5,1.1,0.9
5533,2,0,0,0,0,0,1.038212,-13.663692,220,5,1.1,0.9
5546,2,0,0,0,0,0,1.05378,-23.67431,220,5,1.1,0.9
5550,1,0,0,0,10.83,0,1.051152,-25.756092,220,5,1.1,0.9
5564,2,0,0,0,0,0,1.04123,-12.598948,220,5,1.1,0.9
5567,1,0,0,0,3.59,0,1.017813,-18.930548,220,5,1.1,0.9
5571,1,0,0,0,1.01,0,1.036516,-22.481578,220,5,1.1,0.9
5573,1,0,0,0,2.94,0,1.05903,-23.279891,220,5,1.1,0.9
5574,1,99.7,6,0,2.06,0,1.03922,-11.857544,220,5,1.1,0.9
5586,1,0,0,0,0,0,1.057299,2.403578,220,5,1.1,0.9
5589,1,0,0,0,173.904854,0,1.034874,-30.808253,380,5,1.1,0.9
5610,1,99.5,9.2,0,27.55,0,1.045824,-24.167858,220,5,1.1,0.9
5616,1,225.2,35.2,0,11.99,0,1.076287,-35.225281,220,5,1.1,0.9
5627,1,0,0,0,0.53,0,1.030337,-32.491502,220,5,1.1,0.9
5630,1,0,0,0,11.52,0,1.043599,-4.085534,220,5,1.1,0.9
5641,1,0,0,0,5.98,0,1.049836,-26.047052,220,5,1.1,0.9
5648,1,0,0,0,115.528858,0,0.995233,-13.451687,380,5,1.1,0.9
5653,1,96.59,7.28,0,2.52,0,1.045504,-7.661043,220,5,1.1,0.9
5658,2,0,0,0,0,0,1.017689,-23.66504,380,5,1.1,0.9
5664,2,0,0,0,0,0,1.070507,0.956534,220,5,1.1,0.9
5666,1,124.8,34.7,0,3.66,0,1.046065,-10.74401,220,5,1.1,0.9
5686,1,52.26,19.6,0,2.64,0,1.030503,-10.223727,220,5,1.1,0.9
5688,1,14.12,5.2,0,1.44,0,1.033877,-8.079704,220,5,1.1,0.9
5691,1,195.1,-14.2,0,12.89,0,1.061392,-45.226837,220,5,1.1,0.9
5695,1,142.8,20.3,0,6.77,0,1.047646,-27.137982,220,5,1.1,0.9
5699,1,0,0,0,0.59,0,1.049081,-6.522248,220,5,1.1,0.9
5709,2,0,0,0,0,0,1.027078,-8.525839,380,5,1.1,0.9
5712,1,183.07,44.65,0,2.77,0,1.0445,-4.578143,220,5,1.1,0.9
5720,1,337.6,-15.4,0,6.27,0,1.045667,-24.989207,220,5,1.1,0.9
5723,1,141.2,45.4,0,7.55,0,1.045129,-9.640756,220,5,1.1,0.9
5735,1,161.3,10.04,0,4.38,0,1.060348,-26.902429,220,5,1.1,0.9
5738,1,0,0,0,8.13,0,1.013795,-10.544291,220,5,1.1,0.9
5743,1,0,0,0,4.28,0,1.052165,-24.123493,220,5,1.1,0.9
5753,1,0,0,0,1.81,0,1.033984,-3.213627,220,5,1.1,0.9
5764,1,99.4,4.3,0,3.69,0,1.034962,-25.335623,220,5,1.1,0.9
5781,2,0,0,0,0,0,1.0396,-11.754534,380,5,1.1,0.9
5789,1,0,0,0,0.35,0,1.005562,-16.021128,220,5,1.1,0.9
5799,1,0,0,0,1.38,0,1.043907,-32.265811,220,5,1.1,0.9
5803,1,0,0,0,0.35,0,1.043774,-14.004171,220,5,1.1,0.9
5814,2,0,0,0,0,0,1.044051,-11.822108,220,5,1.1,0.9
5836,1,244.09,48.92,0,5.96,0,1.040266,-12.0279,220,5,1.1,0.9
5837,1,0,0,0,132.04744,0,1.019818,-10.148769,380,5,1.1,0.9
5853,1,122.5,38.9,0,0.84,0,1.042789,-7.464608,220,5,1.1,0.9
5856,2,0,0,0,0,0,1.038417,-11.615407,220,5,1.1,0.9
5857,1,78.39,21.2,0,0.97,0,1.057665,-21.071135,220,5,1.1,0.9
5881,2,0,0,0,0,0,1.065605,-10.395605,220,5,1.1,0.9
5891,1,14.02,5.5,0,3.3,0,1.036617,-12.108533,220,5,1.1,0.9
5907,1,186.1,14.8,0,17.28,0,1.046917,-8.47729,220,5,1.1,0.9
5918,1,73.83,16.41,0,15.77,0,1.053364,-25.787722,220,5,1.1,0.9
5926,1,0,0,0,3.98,0,1.072067,-47.920607,220,5,1.1,0.9
5935,1,0,0,0,5.75,0,1.065025,-22.144776,220,5,1.1,0.9
5940,2,0,0,0,0,0,1.030075,-14.582177,220,5,1.1,0.9
5944,1,71.88,21.7,0,9.63,0,1.059622,-25.872698,220,5,1.1,0.9
5957,1,208.06,36.6,0,3.55,0,1.025527,-16.209872,220,5,1.1,0.9
5971,2,0,0,0,0,0,1.070056,4.938459,380,5,1.3,0.7
5983,2,0,0,0,0,0,1.066029,-14.886912,380,5,1.1,0.9
5987,1,24.04,1.68,0,4.02,0,1.036825,-13.937479,220,5,1.1,0.9
5990,1,0,0,0,4.53,0,1.023107,-10.218557,220,5,1.1,0.9
5993,1,0,0,0,2.75,0,1.043528,-11.000279,220,5,1.1,0.9
5994,2,0,0,0,0,0,1.029184,-15.420668,220,5,1.1,0.9
6010,1,0,0,0,1.35,0,1.08135,-23.128077,220,5,1.1,0.9
6031,1,0,0,0,2.22,0,1.041572,-15.751421,220,5,1.1,0.9
6036,2,0,0,0,0,0,1.043738,-0.899698,380,5,1.1,0.9
6041,1,0,0,0,0.53,0,1.072109,-47.920883,220,5,1.1,0.9
6053,1,412.1,79.3,0,7.73,0,1.058134,-26.592239,220,5,1.1,0.9
6071,1,163.5,35.6,0,4.59,0,1.035726,-16.340255,220,5,1.1,0.9
6101,1,103,40.2,0,1.13,0,1.02679,-10.858615,220,5,1.1,0.9
6104,1,93.12,4.99,0,0.18,0,1.056405,-12.076426,220,5,1.1,0.9
6110,1,78.59,16,0,1.87,0,1.056871,-35.945281,220,5,1.1,0.9
6112,1,45.28,15.27,0,7.88,0,1.024189,-9.306431,220,5,1.1,0.9
6114,1,0,0,0,8.78,0,1.048769,-10.298802,220,5,1.1,0.9
6115,1,0,0,0,1.18,0,1.02848,-11.273668,220,5,1.1,0.9
6119,1,221.25,72.56,0,8.23,0,1.039102,-15.995867,220,5,1.1,0.9
6146,1,0,0,0,3.15,0,1.028373,-12.079992,220,5,1.1,0.9
6151,1,60.67,33.2,0,0.31,0,1.032517,-24.013495,220,5,1.1,0.9
6153,2,0,0,0,0,0,0.988112,-14.90068,380,5,1.1,0.9
6163,1,0,0,0,4.96,0,1.036223,-21.959198,220,5,1.1,0.9
6168,2,0,0,0,0,0,1.040343,-13.438292,220,5,1.1,0.9
6178,1,91,28.4,0,10.57,0,1.040244,-24.602196,220,5,1.1,0.9
6194,1,0,0,0,3.14,0,1.026211,-16.329018,220,5,1.1,0.9
6199,1,-4.82,-0.88,0,224.85,0,1.072632,-12.599054,380,5,1.1,0.9
6203,1,14.02,5.6,0,2.34,0,1.070264,-27.353716,220,5,1.1,0.9
6206,1,-7.62,-2.52,0,33.197994,0,1.037591,0.03956,380,5,1.1,0.9
6219,1,0,0,0,0.22,0,1.033837,-12.746776,220,5,1.1,0.9
6220,1,231.9,27.6,0,0.36,0,1.055297,-22.931727,220,5,1.1,0.9
6224,1,0,0,0,58.990785,0,1.000545,-12.907246,380,5,1.1,0.9
6231,1,0,0,0,11.5,0,1.034263,-8.032463,220,5,1.1,0.9
6232,1,49.25,12,0,7.28,0,1.042941,-25.794518,220,5,1.1,0.9
6240,1,0,0,0,6.31,0,1.075696,-34.242457,220,5,1.1,0.9
6246,1,1769.94,-353.95,0,62.59,0,1.045739,-36.412972,380,5,1.1,0.9
6252,1,164.7,44.5,0,3.67,0,1.020382,-29.885564,220,5,1.1,0.9
6253,1,128.8,29.3,0,26.74,0,1.04318,-25.753603,220,5,1.1,0.9
6267,1,91.3,18.1,0,3.05,0,1.041192,-24.394509,220,5,1.1,0.9
6271,1,3.7,2.6,0,4.45,0,1.054472,-20.10439,220,5,1.1,0.9
6290,1,47.65,20.4,0,3.63,0,1.062557,-12.82926,220,5,1.1,0.9
6291,2,0,0,0,0,0,1.040598,-23.840293,220,5,1.1,0.9
6306,1,0,0,0,2.13,0,1.077228,-24.297873,220,5,1.1,0.9
6308,1,0,0,0,0.05,0,1.044666,-25.545467,220,5,1.1,0.9
6313,1,48.95,14.9,0,4.04,0,1.033893,-23.915745,220,5,1.1,0.9
6331,2,0,0,0,0,0,1.052181,-0.845895,220,5,1.1,0.9
6332,2,0,0,0,0,0,1.062214,-11.259336,220,5,1.1,0.9
6337,1,0,0,0,8.26,0,1.090736,-9.663194,380,5,1.1,0.9
6351,2,0,0,0,0,0,1.064446,-16.194964,220,5,1.1,0.9
6357,1,430.8,107.9,0,11.64,0,0.986449,-24.787083,220,5,1.1,0.9
6368,2,0,0,0,0,0,1.043835,-8.297319,220,5,1.1,0.9
6371,1,0,0,0,0.35,0,1.04624,-0.834636,220,5,1.1,0.9
6376,2,0,0,0,0,0,1.046714,-0.304027,220,5,1.1,0.9
6382,1,75.43,10.49,0,7.91,0,1.042008,-9.653397,220,5,1.1,0.9
6384,1,159.9,47.4,0,3.65,0,1.042953,-1.650086,220,5,1.1,0.9
6405,1,76.48,19.8,0,5.41,0,1.016603,-16.051975,220,5,1.1,0.9
6416,1,67.67,16.4,0,3.7,0,1.044399,-9.544276,220,5,1.1,0.9
6426,1,10.21,3.8,0,4.6,0,1.054991,1.525091,220,5,1.1,0.9
6427,1,83.19,22.9,0,28.5,0,1.00477,-13.123224,380,5,1.1,0.9
6429,2,0,0,0,0,0,1.039574,-18.343476,220,5,1.1,0.9
6430,1,0,0,0,6.03,0,1.052192,-28.928753,220,5,1.1,0.9
6450,1,5.51,2.1,0,1.92,0,1.010198,-10.933937,220,5,1.1,0.9
6455,1,20.52,13.3,0,0.17,0,1.038267,-22.056487,220,5,1.1,0.9
6472,1,0,0,0,9.93,0,1.042806,-24.004462,220,5,1.1,0.9
6474,2,0,0,0,0,0,1.06557,-7.808697,220,5,1.1,0.9
6475,1,0,0,0,149.047157,0,1.026549,-8.701988,380,5,1.1,0.9
6478,1,141.2,34.8,0,2.37,0,1.012128,-14.390515,220,5,1.1,0.9
6486,1,31.74,17.4,0,0.89,0,1.048545,-3.989815,220,5,1.1,0.9
6495,1,49.66,12.3,0,2.2,0,1.043059,-21.768062,220,5,1.1,0.9
6510,1,88.2,26.7,0,8.91,0,1.050118,-26.338765,220,5,1.1,0.9
6516,2,0,0,0,0,0,1.052452,-3.60194,220,5,1.1,0.9
6521,1,0,0,0,2.3,0,1.046651,-4.738353,220,5,1.1,0.9
6532,1,120.69,18.1,0,15.46,0,1.075728,-31.435419,220,5,1.1,0.9
6552,2,0,0,0,0,0,1.048796,-21.140924,220,5,1.1,0.9
6555,1,-37.81,-21.64,0,83.362314,0,1.008884,-43.693382,380,5,1.1,0.9
6556,1,0,0,0,4.61,0,1.052054,-12.679594,220,5,1.1,0.9
6563,1,0,0,0,8.94,0,1.040617,-24.64966,220,5,1.1,0.9
6565,1,0,0,0,4.05,0,1.033616,-7.247992,220,5,1.1,0.9
6570,1,0,0,0,32.43,0,1.045563,-20.766442,220,5,1.1,0.9
6581,1,153.8,23.4,0,87.73,0,1.042943,-2.447442,380,5,1.1,0.9
6612,1,41.14,15.25,0,3.96,0,1.047964,-31.701384,220,5,1.1,0.9
6616,1,0,0,0,3.06,0,1.044855,-15.904052,220,5,1.1,0.9
6619,1,0,0,0,10.67,0,1.050275,-15.385558,220,5,1.1,0.9
6624,1,-37.33,-11.88,0,145.18,0,1.058707,4.26077,380,5,1.1,0.9
6629,1,62.63,16.3,0,2.03,0,1.054419,-11.400101,220,5,1.1,0.9
6630,1,134.1,24.8,0,13.73,0,1.039511,-24.152951,220,5,1.1,0.9
6636,1,0,0,0,0.31,0,1.036596,0.577218,220,5,1.1,0.9
6638,1,61.65,10.24,0,3.48,0,1.020424,-14.95076,220,5,1.1,0.9
6639,1,388.04,52.61,0,2.87,0,1.050408,-2.453064,220,5,1.1,0.9
6648,1,-26.03,-0.84,0,0.1,0,1.06183,-11.406171,220,5,1.1,0.9
6664,1,0,0,0,10.68,0,1.06971,-46.294482,220,5,1.1,0.9
6675,1,37.94,7.5,0,11.89,0,1.035344,-23.290216,220,5,1.1,0.9
6684,1,0,0,0,9.84,0,1.044665,-25.545459,220,5,1.1,0.9
6691,1,42.55,12.5,0,1.26,0,1.083988,-34.063221,220,5,1.1,0.9
6692,1,10.33,3.3,0,4.65,0,1.02441,-15.580999,220,5,1.1,0.9
6697,1,309,74.5,0,3.69,0,1.0463,-37.100468,220,5,1.1,0.9
6714,1,0,0,0,0.3,0,1.046238,-0.834605,220,5,1.1,0.9
6723,1,0,0,0,1.58,0,1.032514,-9.464819,220,5,1.1,0.9
6730,1,0,0,0,2.18,0,1.038253,-21.079078,220,5,1.1,0.9
6734,2,0,0,0,0,0,1.061492,-3.472634,220,5,1.1,0.9
6735,1,0,0,0,0.4,0,1.041984,-1.292675,380,5,1.1,0.9
6737,1,0,0,0,9.74,0,1.021139,-10.532887,220,5,1.1,0.9
6738,1,-4.91,-2.53,0,120.576812,0,1.029435,-24.781868,380,5,1.1,0.9
6742,1,137.4,23.9,0,7.26,0,1.037902,-21.502542,220,5,1.1,0.9
6744,1,244.12,95.29,0,7.55,0,1.033513,-10.221422,220,5,1.1,0.9
6757,1,0,0,0,6.57,0,1.040789,-1.178761,380,5,1.1,0.9
6763,1,0,0,0,5.46,0,1.043751,-24.236704,220,5,1.1,0.9
6772,1,61.37,23.2,0,0.22,0,1.045385,-24.09701,220,5,1.1,0.9
6773,1,0,0,0,2.18,0,1.041981,-24.273746,220,5,1.1,0.9
6785,1,0,0,0,8.9,0,1.054082,-0.784591,220,5,1.1,0.9
6791,1,46.35,9.1,0,18.2,0,1.04692,-25.227196,220,5,1.1,0.9
6802,1,0,0,0,7.43,0,1.034691,-6.054841,220,5,1.1,0.9
6806,1,135.84,15.97,0,4.57,0,1.046591,-21.264934,220,5,1.1,0.9
6807,2,0,0,0,0,0,1.006037,-16.618507,220,5,1.1,0.9
6816,2,0,0,0,0,0,1.053803,-24.150678,220,5,1.1,0.9
6820,2,0,0,0,0,0,1.049557,-6.650937,220,5,1.1,0.9
6828,1,58.16,16.5,0,6.24,0,1.037156,-13.39716,220,5,1.1,0.9
6831,2,0,0,0,0,0,1.031347,-9.785828,220,5,1.1,0.9
6837,1,47.75,11,0,0.05,0,1.050311,-7.914424,220,5,1.1,0.9
6842,1,98,21.7,0,6,0,1.037762,-8.446373,220,5,1.1,0.9
6844,1,0,0,0,1.04,0,1.015966,-29.284947,220,5,1.1,0.9
6845,2,0,0,0,0,0,1.055216,-11.135397,220,5,1.1,0.9
6846,1,44.35,19.3,0,3.25,0,1.053078,-4.617698,220,5,1.1,0.9
6852,2,0,0,0,0,0,1.031296,-19.801967,220,5,1.1,0.9
6854,1,0,0,0,0,0,1.054902,-11.343079,220,5,1.1,0.9
6857,2,0,0,0,0,0,1.021411,-8.599284,380,5,1.1,0.9
6880,1,0,0,0,1.36,0,1.045265,-4.460667,220,5,1.1,0.9
6887,1,0,0,0,3.13,0,1.045229,-3.097099,220,5,1.1,0.9
6888,2,0,0,0,0,0,1.039234,-13.670722,220,5,1.1,0.9
6889,1,-12.49,-5.83,0,6.235224,0,1.040018,2.414551,380,5,1.1,0.9
6891,1,135.61,26.86,0,1.93,0,1.042154,-14.327292,220,5,1.1,0.9
6897,1,176.8,39.4,0,28.24,0,1.05642,-16.592196,380,5,1.1,0.9
6901,1,-37.84,-19.23,0,28.140258,0,1.010989,-32.14614,380,5,1.1,0.9
6908,1,0,0,0,3.01,0,1.037832,-40.113954,220,5,1.1,0.9
6909,1,122.5,8.7,0,15.85,0,1.036123,-23.128738,220,5,1.1,0.9
6921,1,-37.34,-13.33,0,251.529665,0,1.036075,-1.608828,380,5,1.1,0.9
6922,1,113.6,44.7,0,1.91,0,1.036504,-8.622098,220,5,1.1,0.9
6926,1,124.5,101.4,0,0.53,0,1.033188,-12.416059,220,5,1.1,0.9
6940,1,0,0,0,10.46,0,1.057214,-27.586432,220,5,1.1,0.9
6947,2,0,0,0,0,0,1.051367,-3.749893,220,5,1.1,0.9
6952,1,180.9,33.2,0,29.17,0,1.074941,-25.158601,220,5,1.1,0.9
6954,1,18.12,10,0,1.03,0,1.033937,-20.057453,220,5,1.1,0.9
6961,1,56.56,18.4,0,3.29,0,1.046702,-0.041292,220,5,1.1,0.9
6969,2,0,0,0,0,0,1.059486,-23.158005,220,5,1.1,0.9
6982,2,0,0,0,0,0,1.036531,-20.798066,220,5,1.1,0.9
6989,1,0,0,0,1.91,0,1.046262,-24.006134,220,5,1.1,0.9
6990,1,0,0,0,4.54,0,1.049424,-24.091607,220,5,1.1,0.9
7014,1,0,0,0,0.3,0,1.042775,-2.603788,220,5,1.1,0.9
7019,1,52.56,12.8,0,2.87,0,1.042599,-25.81851,220,5,1.1,0.9
7021,1,226.8,53.3,0,3.26,0,1.00593,-17.187001,220,5,1.1,0.9
7030,1,0,0,0,0.19,0,1.065574,-7.808728,220,5,1.1,0.9
7036,2,0,0,0,0,0,1.041241,-12.591424,220,5,1.1,0.9
7042,1,220.98,91,0,1.16,0,1.05498,-30.089269,220,5,1.1,0.9
7047,1,339.9,70.5,0,28.91,0,1.036489,-21.901119,220,5,1.1,0.9
7049,2,0,0,0,0,0,1.049669,-14.344403,220,5,1.1,0.9
7050,1,120,26,0,22.01,0,1.037777,-21.239311,220,5,1.1,0.9
7052,1,111,36.6,0,2.21,0,1.047794,-12.393218,220,5,1.1,0.9
7056,2,0,0,0,0,0,1.006597,-4.279873,380,5,1.1,0.9
7069,1,258.79,42.82,0,9.28,0,1.041721,-7.971411,220,5,1.1,0.9
7070,1,142.9,25.8,0,24.18,0,1.051529,-13.392684,220,5,1.1,0.9
7076,1,0,0,0,0.36,0,1.032543,-12.400826,220,5,1.1,0.9
7092,1,44.65,8.8,0,20.17,0,1.048118,-25.098572,220,5,1.1,0.9
7098,1,0,0,0,7.17,0,1.040402,-2.260554,220,5,1.1,0.9
7115,2,0,0,0,0,0,1.008722,-16.289324,220,5,1.1,0.9
7119,1,149.53,34.9,0,8.9,0,1.011547,-16.3375,220,5,1.1,0.9
7124,1,0,0,0,16.73,0,1.071843,-27.185513,220,5,1.1,0.9
7129,1,33.34,5,0,0.38,0,1.03765,-2.840915,220,5,1.1,0.9
7132,1,222,90.5,0,0.16,0,1.017449,-15.909765,220,5,1.1,0.9
7133,1,102.3,19,0,1.84,0,1.034901,-14.267058,220,5,1.1,0.9
7144,1,8.48,-1.82,0,0.37,0,1.03015,-13.008541,220,5,1.1,0.9
7148,1,0,0,0,10.89,0,1.050811,-23.312468,220,5,1.1,0.9
7159,2,0,0,0,0,0,1.059575,4.500856,380,5,1.1,0.9
7162,1,0,0,0,2.48,0,1.051693,-13.395189,220,5,1.1,0.9
7163,1,0,0,0,2.9,0,1.04999,-24.866445,220,5,1.1,0.9
7164,1,-18.6,-6.72,0,152.683271,0,1.027379,-22.063848,380,5,1.1,0.9
7165,1,0,0,0,9.26,0,1.071048,-34.202221,220,5,1.1,0.9
7178,1,0,0,0,2.45,0,1.017469,-14.250696,220,5,1.1,0.9
7183,2,0,0,0,0,0,1.107733,-6.868685,380,5,1.3,0.7
7202,1,18.62,6.1,0,2,0,1.050711,-3.937783,220,5,1.1,0.9
7209,2,0,0,0,0,0,1.051113,-6.533675,220,5,1.1,0.9
7222,1,0,0,0,5,0,1.068964,-23.827934,220,5,1.1,0.9
7226,1,144,31.3,0,3.18,0,1.022196,-15.530828,220,5,1.1,0.9
7231,1,0,0,0,0.05,0,1.039985,-11.495627,220,5,1.1,0.9
7253,1,7.51,3.1,0,0,0,1.048698,-2.446191,220,5,1.1,0.9
7256,1,392.25,92.02,0,9.45,0,1.022568,-35.394958,220,5,1.1,0.9
7259,1,82.39,0,0,0.15,0,1.06537,-7.876917,220,5,1.1,0.9
7264,1,0,0,0,3.42,0,1.042846,-10.973594,220,5,1.1,0.9
7266,1,0,0,0,2.12,0,1.032954,-5.485507,220,5,1.1,0.9
7267,2,0,0,0,0,0,1.010817,-7.692119,380,5,1.1,0.9
7273,1,219.6,36.4,0,17.89,0,1.042886,-24.322652,220,5,1.1,0.9
7274,1,54.93,16.5,0,6.75,0,1.040156,-3.899721,220,5,1.1,0.9
7282,2,0,0,0,0,0,1.034538,-4.68119,380,5,1.1,0.9
7284,1,0,0,0,0,0,1.094644,-0.869931,220,5,1.1,0.9
7289,1,0,0,0,26.5,0,1.054049,-6.174395,220,5,1.1,0.9
7309,1,0,0,0,1.32,0,1.054902,-11.343079,220,5,1.1,0.9
7316,1,0,0,0,0.09,0,1.044717,-7.284069,220,5,1.1,0.9
7325,1,0,0,0,0.41,0,1.052061,-12.679657,220,5,1.1,0.9
7327,2,0,0,0,0,0,1.043172,-18.073929,220,5,1.1,0.9
7328,2,0,0,0,0,0,0.999675,-14.476061,380,5,1.1,0.9
7338,1,0,0,0,2.98,0,1.045891,-14.743514,220,5,1.1,0.9
7341,1,37.44,0,0,0.67,0,1.040136,-2.402429,220,5,1.1,0.9
7342,1,169,70.8,0,5.23,0,1.018398,-16.108009,220,5,1.1,0.9
7351,1,61.67,16.3,0,0.05,0,1.037551,-2.8443,220,5,1.1,0.9
7353,1,127.3,26.7,0,7.02,0,0.985936,-22.42059,220,5,1.1,0.9
7361,1,0,0,0,14.29,0,1.053815,-15.271705,220,5,1.1,0.9
7367,1,1.5,0.4,0,0.15,0,1.028631,-18.905659,220,5,1.1,0.9
7373,1,0,0,0,1.81,0,1.071954,-23.60091,220,5,1.1,0.9
7377,1,0,0,0,0.63,0,1.014168,-16.130077,220,5,1.1,0.9
7380,1,105.67,0.56,0,18.05,0,0.992016,-14.57117,380,5,1.1,0.9
7396,1,0,0,0,5.68,0,1.019741,-19.557023,220,5,1.1,0.9
7422,1,65.67,25.6,0,2.34,0,1.033674,-10.805957,220,5,1.1,0.9
7437,1,18.32,5.3,0,7.32,0,1.04383,-25.64578,220,5,1.1,0.9
7438,1,121.3,20.7,0,2.39,0,1.035924,-12.727575,220,5,1.1,0.9
7464,1,197.65,28.23,0,5.87,0,1.041056,-12.617278,220,5,1.1,0.9
7466,2,0,0,0,0,0,1.057257,-34.871885,220,5,1.1,0.9
7471,1,-18.95,-6.93,0,33.11439,0,1.020554,-6.279485,380,5,1.1,0.9
7473,1,113.44,71.42,0,11.08,0,1.035336,-16.025005,220,5,1.1,0.9
7474,2,0,0,0,0,0,1.027108,-14.200631,220,5,1.1,0.9
7485,1,44.35,10.8,0,8.72,0,1.042606,-25.826706,220,5,1.1,0.9
7491,1,0,0,0,4.29,0,1.012242,-21.474958,220,5,1.1,0.9
7495,2,0,0,0,0,0,1.035256,-15.196734,220,5,1.1,0.9
7507,1,4,0.8,0,17.65,0,1.04914,-24.08765,220,5,1.1,0.9
7513,1,0,0,0,38.549494,0,0.993009,-15.030612,380,5,1.1,0.9
7519,1,97.97,31.8,0,5.02,0,1.036786,-10.798224,220,5,1.1,0.9
7520,2,0,0,0,0,0,1.037447,-9.123264,380,5,1.1,0.9
7522,2,0,0,0,0,0,0.99994,-10.953994,380,5,1.1,0.9
7523,1,0,0,0,2.11,0,1.052161,-0.72038,220,5,1.1,0.9
7530,1,0,0,0,31.242294,0,1.046869,-19.820201,380,5,1.1,0.9
7537,1,0,0,0,17.184121,0,0.989983,-15.6248,380,5,1.1,0.9
7539,1,40.85,15.7,0,2.08,0,1.053724,-12.373239,220,5,1.1,0.9
7541,1,346.42,89.04,0,43.55,0,1.054084,-16.465783,380,5,1.1,0.9
7571,1,0,0,0,13.9,0,1.044943,-13.985525,220,5,1.1,0.9
7576,1,0,0,0,0.5,0,1.04028,-12.028046,220,5,1.1,0.9
7577,1,0,0,0,6.69,0,1.0481,-10.467484,220,5,1.1,0.9
7579,1,136.9,11.4,0,3.05,0,1.048022,-26.50227,220,5,1.1,0.9
7580,1,0,0,0,0.17,0,1.05695,-11.9558,220,5,1.1,0.9
7582,1,0,0,0,3.44,0,1.035758,-24.450751,220,5,1.1,0.9
7583,1,5.01,1.8,0,3.68,0,1.04744,-0.936009,220,5,1.1,0.9
7599,1,0,0,0,2.13,0,1.034704,-6.055108,220,5,1.1,0.9
7624,1,32.74,10.5,0,1.78,0,1.01592,-20.903943,220,5,1.1,0.9
7626,1,78.89,45.6,0,0.04,0,1.032312,-12.417124,220,5,1.1,0.9
7635,1,0,0,0,1.86,0,1.050003,-7.891572,220,5,1.1,0.9
7640,1,68.78,35,0,34.52,0,1.033083,-6.005598,380,5,1.1,0.9
7641,2,0,0,0,0,0,1.051427,-6.243524,220,5,1.1,0.9
7647,1,0,0,0,0.1,0,1.063763,-20.174055,220,5,1.1,0.9
7653,1,33.94,11.4,0,0,0,1.0368,-22.767059,220,5,1.1,0.9
7663,1,37.14,2.7,0,2.33,0,1.042204,-11.956017,220,5,1.1,0.9
7691,1,0,0,0,96.48,0,1.026843,-3.944271,380,5,1.1,0.9
7694,1,-14.96,-4.7,0,0.04,0,1.027078,-14.861465,220,5,1.1,0.9
7697,2,0,0,0,0,0,1.052424,-3.583012,220,5,1.1,0.9
7700,1,66.17,27.4,0,14.12,0,1.018432,-10.528155,220,5,1.1,0.9
7702,1,0,0,0,11.68,0,1.025153,-16.313747,220,5,1.1,0.9
7726,1,0,0,0,2.03,0,1.018323,-10.493485,220,5,1.1,0.9
7738,1,31.84,9.2,0,5.23,0,1.027755,-21.847912,220,5,1.1,0.9
7752,1,524.5,126,0,7.45,0,1.03043,-18.412915,220,5,1.1,0.9
7766,1,78.89,25.6,0,1.6,0,1.033279,-12.689648,220,5,1.1,0.9
7770,1,207.9,32.36,0,8.31,0,1.031073,-44.333742,220,5,1.1,0.9
7772,1,223.6,51.8,0,18.45,0,1.053846,-25.615931,220,5,1.1,0.9
7775,1,151.5,7.9,0,5,0,1.054984,-28.678026,220,5,1.1,0.9
7776,2,0,0,0,0,0,1.072261,6.181044,380,5,1.3,0.7
7778,1,153,21.5,0,28.85,0,1.057591,-16.510132,380,5,1.1,0.9
7791,1,0,0,0,1.33,0,1.03015,-12.988362,220,5,1.1,0.9
7797,1,0,0,0,2.09,0,1.051084,-24.096828,220,5,1.1,0.9
7808,2,0,0,0,0,0,1.054562,-0.188042,380,5,1.1,0.9
7809,1,169.5,27.7,0,3.04,0,1.024952,-11.538551,220,5,1.1,0.9
7824,1,9.21,3.4,0,2.63,0,1.047756,-6.282298,220,5,1.1,0.9
7831,1,-17.17,-7.1,0,57.019803,0,1.011199,-11.417611,380,5,1.1,0.9
7840,1,-19.28,29.9,0,1.6,0,1.049049,-2.414341,220,5,1.1,0.9
7842,2,0,0,0,0,0,1.001912,-12.534976,380,5,1.1,0.9
7847,1,0,0,0,1.55,0,1.040499,-8.878125,220,5,1.1,0.9
7857,1,0,0,0,2.36,0,1.050458,0.170436,220,5,1.1,0.9
7862,1,0,0,0,9.74,0,1.040593,-21.115869,220,5,1.1,0.9
7865,1,84.99,19.6,0,4.32,0,1.074298,-26.36902,220,5,1.1,0.9
7873,1,-20.94,-6.16,0,11.99,0,1.021235,-15.229234,220,5,1.1,0.9
7881,1,0,0,0,7.99,0,1.055617,-14.956341,220,5,1.1,0.9
7883,1,47.55,17.8,0,0.32,0,1.050929,-28.78941,220,5,1.1,0.9
7885,1,142.4,20,0,2.42,0,1.037839,-21.110646,220,5,1.1,0.9
7886,1,162.5,42.7,0,12.79,0,1.018149,-19.303853,220,5,1.1,0.9
7892,1,36.94,11,0,0.52,0,1.053815,-11.294264,220,5,1.1,0.9
7895,1,338.7,52.5,0,11.36,0,1.059845,-19.561088,220,5,1.1,0.9
7903,1,0,0,0,7.78,0,1.072768,-41.998744,220,5,1.1,0.9
7905,1,347.1,87.2,0,88.35,0,1.046655,-17.893306,380,5,1.1,0.9
7913,2,0,0,0,0,0,1.063764,-8.906151,380,5,1.1,0.9
7923,1,0,0,0,0.97,0,1.038632,-22.138858,220,5,1.1,0.9
7937,1,56.06,17,0,2.4,0,1.040168,-7.402075,220,5,1.1,0.9
7943,1,38.44,2,0,0.56,0,1.047179,-16.175311,220,5,1.1,0.9
7945,1,17.92,5.8,0,0.84,0,1.031087,-5.74962,220,5,1.1,0.9
7955,1,111.6,8.9,0,16.19,0,1.068312,-23.349161,220,5,1.1,0.9
7961,1,50.56,8.1,0,8.02,0,1.034289,-8.616758,220,5,1.1,0.9
7967,1,0,0,0,5.97,0,1.043007,-11.416934,220,5,1.1,0.9
7972,1,237.9,68.5,0,5.12,0,1.035175,-19.298443,220,5,1.1,0.9
7974,1,234,13.1,0,51.03,0,1.033995,-20.055775,220,5,1.1,0.9
7982,1,112,19.7,0,38.04,0,1.036111,-23.13213,220,5,1.1,0.9
7988,1,-3.55,-1.43,0,11.834121,0,1.0339,-2.136803,380,5,1.1,0.9
7989,1,0,0,0,0.27,0,1.052062,-3.729978,220,5,1.1,0.9
7994,1,11.91,3.3,0,6.84,0,1.015764,-16.263273,220,5,1.1,0.9
7998,2,0,0,0,0,0,1.048854,4.223749,380,5,1.1,0.9
8005,1,0,0,0,16.77,0,1.027697,-13.719399,220,5,1.1,0.9
8030,1,0,0,0,122.13,0,1.034376,-4.451962,380,5,1.1,0.9
8035,1,0,0,0,4.22,0,1.023645,-16.359288,220,5,1.1,0.9
8043,2,0,0,0,0,0,1.066913,-11.239517,220,5,1.1,0.9
8057,1,69.18,9.5,0,3.67,0,1.045952,-8.643584,220,5,1.1,0.9
8060,1,0,0,0,9.54,0,1.05168,-13.395033,220,5,1.1,0.9
8104,1,127.2,40.8,0,0.2,0,1.070946,-25.178857,220,5,1.1,0.9
8107,1,68.18,16.1,0,3.35,0,1.034732,-23.363006,220,5,1.1,0.9
8109,2,0,0,0,0,0,1.067387,-21.117921,380,5,1.1,0.9
8112,1,87.9,29.3,0,1.21,0,1.031544,-3.541639,220,5,1.1,0.9
8128,1,0,0,0,8.1,0,1.090736,-9.663123,380,5,1.1,0.9
8151,1,0,0,0,14.23,0,1.044491,-25.577335,220,5,1.1,0.9
8158,2,0,0,0,0,0,1.052602,-0.559615,220,5,1.1,0.9
8165,1,0,0,0,2.42,0,1.061504,-3.473077,220,5,1.1,0.9
8180,1,291.6,47,0,2.38,0,1.075394,-30.774767,220,5,1.1,0.9
8189,1,0,0,0,9.54,0,1.042203,-18.144075,220,5,1.1,0.9
8190,1,0,0,0,0.32,0,1.048784,-10.298904,220,5,1.1,0.9
8191,1,0,0,0,11.38,0,1.051859,-15.264149,220,5,1.1,0.9
8195,1,-101.01,-129.29,0,37.176703,0,1.02377,-17.045599,380,5,1.1,0.9
8200,1,0,0,0,39.58,0,1.021119,-6.153606,380,5,1.1,0.9
8209,1,83.39,16.5,0,16.43,0,1.033486,-20.136338,220,5,1.1,0.9
8214,1,58.97,11.1,0,1.05,0,1.04259,-11.470366,220,5,1.1,0.9
8222,2,0,0,0,0,0,1.02335,-10.438616,380,5,1.1,0.9
8225,2,0,0,0,0,0,1.071504,-11.705551,220,5,1.1,0.9
8250,1,196.1,32.1,0,3.86,0,1.04037,-25.998622,220,5,1.1,0.9
8255,1,39.04,13.1,0,3.22,0,1.021879,-13.796655,220,5,1.1,0.9
8265,1,40.44,20.5,0,0.85,0,1.066641,-23.859918,220,5,1.1,0.9
8267,2,0,0,0,0,0,1.043326,-9.93055,380,5,1.1,0.9
8291,1,0,0,0,6.52,0,1.043396,-7.697439,220,5,1.1,0.9
8293,1,112.7,14.5,0,1.24,0,1.048233,-24.806368,220,5,1.1,0.9
8294,1,14.22,6.3,0,0.38,0,1.043617,-11.857424,220,5,1.1,0.9
8307,1,0,0,0,0.14,0,1.051092,-3.882875,220,5,1.1,0.9
8310,1,0,0,0,2.46,0,1.049352,-8.638203,220,5,1.1,0.9
8311,2,0,0,0,0,0,1.035451,-15.519296,220,5,1.1,0.9
8312,2,0,0,0,0,0,1.07814,-12.220054,380,5,1.1,0.9
8316,1,0,0,0,0.72,0,1.084023,-26.486866,220,5,1.1,0.9
8328,1,82.39,14.4,0,13.37,0,1.041343,-24.415623,220,5,1.1,0.9
8331,1,0,0,0,0.05,0,1.047611,-12.932386,220,5,1.1,0.9
8334,1,263.96,-98.64,0,27.848535,0,1.034142,-14.749149,380,5,1.1,0.9
8347,1,-2.09,-1.43,0,48.358243,0,0.988493,-18.64268,380,5,1.1,0.9
8361,1,126.54,29.1,0,12.55,0,1.073653,-26.422933,220,5,1.1,0.9
8367,1,77.99,19.3,0,3.04,0,1.034784,-6.699666,220,5,1.1,0.9
8369,1,0,0,0,1.23,0,1.02695,-9.179276,220,5,1.1,0.9
8373,1,216.3,-6.9,0,2.44,0,1.071546,-48.132392,220,5,1.1,0.9
8397,1,0,0,0,4.05,0,1.042817,-25.347834,220,5,1.1,0.9
8405,1,40.75,12.5,0,2.61,0,1.036479,-12.357404,220,5,1.1,0.9
8406,1,0,0,0,14.38,0,1.050892,-25.13855,220,5,1.1,0.9
8411,1,39.64,9.6,0,1.8,0,1.042819,-25.804727,220,5,1.1,0.9
8439,1,380.8,62.8,0,7.11,0,0.998187,-23.461096,220,5,1.1,0.9
8448,1,286.1,89.3,0,8.89,0,1.018069,-20.595036,220,5,1.1,0.9
8458,2,0,0,0,0,0,1.042925,-9.400848,380,5,1.1,0.9
8466,1,0,0,0,1.97,0,1.045302,-4.473537,220,5,1.1,0.9
8467,1,216.2,75.3,0,2.74,0,0.98622,-22.981008,220,5,1.1,0.9
8468,1,21.42,11.8,0,28.85,0,1.005238,-14.948026,380,5,1.1,0.9
8473,2,0,0,0,0,0,1.039202,-8.879096,220,5,1.1,0.9
8475,1,0,0,0,8.35,0,1.072229,-47.841521,220,5,1.1,0.9
8477,1,0,0,0,2.46,0,1.068335,-10.11476,220,5,1.1,0.9
8478,1,0,0,0,3.01,0,1.04799,-8.490097,220,5,1.1,0.9
8485,1,149,99.8,0,9.27,0,1.039726,-7.369105,220,5,1.1,0.9
8486,2,0,0,0,0,0,1.04752,-19.530978,380,5,1.1,0.9
8487,1,44.45,7.68,0,17.83,0,1.003338,-3.846694,380,5,1.1,0.9
8494,1,235.97,34.52,0,7.15,0,1.08964,-9.846898,380,5,1.1,0.9
8497,1,38.84,14.2,0,3.5,0,1.046629,-14.553599,220,5,1.1,0.9
8507,1,37.44,9.1,0,7.87,0,1.074417,-26.347125,220,5,1.1,0.9
8511,1,93.6,-43.5,0,33.51,0,1.04106,-24.505876,220,5,1.1,0.9
8515,2,0,0,0,0,0,1.053872,-12.378436,220,5,1.1,0.9
8522,2,0,0,0,0,0,1.019671,-15.723378,220,5,1.1,0.9
8535,1,72.68,24.3,0,3.12,0,1.036308,-21.925576,220,5,1.1,0.9
8542,1,87.7,26,0,47.58,0,1.044937,-21.028222,220,5,1.1,0.9
8546,1,5.01,1.8,0,0.77,0,1.038205,-11.643532,220,5,1.1,0.9
8560,1,0,0,0,1.11,0,0.984498,-18.190495,380,5,1.1,0.9
8564,2,0,0,0,0,0,1.019727,-19.556828,220,5,1.1,0.9
8568,1,175.7,56.2,0,0.13,0,1.027945,-6.041782,220,5,1.1,0.9
8578,1,0,0,0,4.55,0,1.049043,-21.931929,220,5,1.1,0.9
8592,1,0,0,0,0.43,0,1.051916,-3.764146,220,5,1.1,0.9
8626,1,136,36.1,0,6.07,0,0.99463,-17.562106,220,5,1.1,0.9
8627,1,0,0,0,4.26,0,1.048517,-26.395781,220,5,1.1,0.9
8628,1,277.1,37,0,21.03,0,1.042001,-23.598682,220,5,1.1,0.9
8636,1,31.43,10.6,0,1.61,0,1.041292,-21.579777,220,5,1.1,0.9
8651,1,162.49,45.11,0,5.38,0,1.024808,-17.313776,220,5,1.1,0.9
8653,1,44.55,7.5,0,0.6,0,1.036488,-16.021006,220,5,1.1,0.9
8656,1,5.51,1.3,0,0.09,0,1.031987,-8.436898,220,5,1.1,0.9
8669,1,74.98,10.5,0,12.96,0,1.050943,-15.2714,220,5,1.1,0.9
8670,2,0,0,0,0,0,1.049066,-6.522112,220,5,1.1,0.9
8672,1,0,0,0,28.515005,0,1.023418,-20.934804,380,5,1.1,0.9
8676,2,0,0,0,0,0,1.018762,-21.841814,220,5,1.1,0.9
8677,1,0,0,0,2.29,0,1.018085,-10.22697,220,5,1.1,0.9
8683,2,0,0,0,0,0,1.041975,-24.273671,220,5,1.1,0.9
8689,1,42.65,18.2,0,0,0,1.036224,-20.697926,220,5,1.1,0.9
8691,1,305.04,77.16,0,17.43,0,1.047013,-33.585967,220,5,1.1,0.9
8704,1,180.7,71.8,0,2.46,0,1.039389,-7.999499,220,5,1.1,0.9
8707,1,101.9,24.3,0,8.53,0,1.032359,-11.707737,220,5,1.1,0.9
8711,1,0,0,0,3.9,0,1.040912,-12.07314,220,5,1.1,0.9
8721,2,0,0,0,0,0,1.054052,-15.864679,380,5,1.1,0.9
8722,1,0,0,0,2.13,0,1.072192,-25.045427,220,5,1.1,0.9
8732,1,66.27,19.3,0,12.94,0,1.038041,-21.15003,220,5,1.1,0.9
8743,1,11.61,7.6,0,6.21,0,1.035613,-34.477305,220,5,1.1,0.9
8748,1,279.7,4.6,0,3.77,0,1.067084,-49.622846,220,5,1.1,0.9
8763,1,-233.23,29.6,0,207.55,0,1.04005,2.599263,380,5,1.1,0.9
8765,1,0,0,0,11.69,0,1.051157,-15.257422,220,5,1.1,0.9
8787,1,22.83,8,0,3.71,0,1.066984,-16.98525,220,5,1.1,0.9
8788,1,143.8,46.45,0,3.26,0,1.046176,-5.977711,220,5,1.1,0.9
8791,1,0,0,0,0.36,0,1.057978,-22.356166,220,5,1.1,0.9
8795,2,0,0,0,0,0,1.054157,-0.136311,220,5,1.1,0.9
8804,1,22.02,4.4,0,4.83,0,1.049065,-9.481469,220,5,1.1,0.9
8807,2,0,0,0,0,0,1.05109,-3.882868,220,5,1.1,0.9
8808,1,203.6,19.81,0,15.46,0,1.060353,-25.817931,220,5,1.1,0.9
8809,1,101.2,-2.9,0,0.51,0,1.029974,-32.515321,220,5,1.1,0.9
8818,2,0,0,0,0,0,1.050791,0.636035,220,5,1.1,0.9
8825,1,406.04,95.5,0,35.34,0,1.014963,-2.776003,380,5,1.1,0.9
8829,1,91.6,27.1,0,10.95,0,1.044583,-21.076938,220,5,1.1,0.9
8834,1,0,0,0,1.52,0,1.003582,-22.536497,220,5,1.1,0.9
8835,1,113.7,22.3,0,15.55,0,1.036698,-22.906459,220,5,1.1,0.9
8843,1,208.7,63,0,3.45,0,1.054844,-11.164607,220,5,1.1,0.9
8846,1,20.82,0,0,0.17,0,1.070172,7.811263,220,5,1.1,0.9
8853,1,410.3,91.6,0,13.25,0,1.052314,-36.519464,220,5,1.1,0.9
8854,1,69.18,35.1,0,12.59,0,1.027794,-44.429467,220,5,1.1,0.9
8860,1,57.16,19.7,0,22.17,0,1.020431,-10.190501,220,5,1.1,0.9
8864,1,63.31,-9.8,0,5.36,0,1.048228,-31.670524,220,5,1.1,0.9
8872,2,0,0,0,0,0,1.053844,-15.88923,380,5,1.1,0.9
8873,1,0,0,0,1.87,0,1.071142,-27.284425,220,5,1.1,0.9
8874,1,285.2,61.4,0,26.04,0,1.046146,-20.00976,220,5,1.1,0.9
8877,1,0,0,0,1.03,0,1.039567,-20.646198,220,5,1.1,0.9
8879,1,0,0,0,1.47,0,1.036915,-22.747121,220,5,1.1,0.9
8886,1,0,0,0,-1.392036,0,0.983701,-3.785162,380,5,1.1,0.9
8887,1,0,0,0,102.70867,0,1.045962,1.729833,380,5,1.1,0.9
8893,1,278.3,33.6,0,25.9,0,1.05128,-15.163258,220,5,1.1,0.9
8900,1,3.1,1.6,0,0.09,0,1.047741,-23.703947,220,5,1.1,0.9
8903,2,0,0,0,0,0,1.020268,-11.421507,380,5,1.1,0.9
8906,1,91,21,0,11.23,0,1.036,-23.062052,220,5,1.1,0.9
8913,1,0,0,0,1.13,0,1.040075,-20.555337,220,5,1.1,0.9
8930,1,139.4,21.2,0,6.21,0,0.991658,-18.577239,220,5,1.1,0.9
8931,1,-0.56,0,0,108.21,0,1.090352,-9.661963,380,5,1.1,0.9
8947,1,3.7,0.2,0,0.05,0,1.03998,-11.496674,220,5,1.1,0.9
8950,2,0,0,0,0,0,1.047268,-14.839334,220,5,1.1,0.9
8961,2,0,0,0,0,0,1.035459,-14.187287,220,5,1.1,0.9
8975,1,0,0,0,11.04,0,1.04225,-24.276259,220,5,1.1,0.9
8976,2,0,0,0,0,0,1.046972,-17.074322,220,5,1.1,0.9
8980,1,63.97,12.8,0,0.17,0,1.042994,-11.072487,220,5,1.1,0.9
8989,1,88.5,24.5,0,2.23,0,1.043398,-25.575347,220,5,1.1,0.9
8992,1,0,0,0,14.64,0,1.051114,-3.785395,220,5,1.1,0.9
8997,2,0,0,0,0,0,0.997131,-13.27089,380,5,1.1,0.9
8999,1,41.15,10.3,0,2.41,0,1.044391,-21.558302,220,5,1.1,0.9
9002,1,119.02,12.54,0,23.45,0,1.021009,-10.528192,220,5,1.1,0.9
9011,1,88.4,25.2,0,12.9,0,1.036275,-23.026084,220,5,1.1,0.9
9012,1,25.63,6.5,0,0.52,0,1.048758,1.093286,220,5,1.1,0.9
9014,1,70.78,19.6,0,8.1,0,1.051072,-6.681904,220,5,1.1,0.9
9018,1,55.46,16.9,0,1.92,0,1.022715,-6.602667,220,5,1.1,0.9
9019,1,91.4,18.1,0,4.89,0,1.040421,-24.677298,220,5,1.1,0.9
9021,1,152.18,21.63,0,1.91,0,1.035437,-6.308005,220,5,1.1,0.9
9033,1,76.88,16.4,0,6.61,0,1.049786,-26.382004,220,5,1.1,0.9
9045,1,60.57,18.9,0,1.46,0,1.039905,-24.629587,220,5,1.1,0.9
9051,1,0,0,0,2.15,0,1.036594,0.577238,220,5,1.1,0.9
9059,1,0,0,0,2,0,1.072487,-27.192131,220,5,1.1,0.9
9065,1,0,0,0,0.59,0,1.040021,2.414524,380,5,1.1,0.9
9066,1,23.26,3.01,0,9.29,0,1.019989,-20.806005,220,5,1.1,0.9
9067,2,0,0,0,0,0,1.040924,1.549232,220,5,1.1,0.9
9091,1,0,0,0,3.65,0,1.038554,-9.767436,220,5,1.1,0.9
9101,2,0,0,0,0,0,1.02885,-21.628013,380,5,1.1,0.9
9108,2,0,0,0,0,0,1.046626,-16.441009,220,5,1.1,0.9
9109,1,0,0,0,0.31,0,1.036596,0.577218,220,5,1.1,0.9
9112,1,0,0,0,19.71,0,1.047611,-12.93238,220,5,1.1,0.9
9119,1,0,0,0,1.24,0,1.04289,-20.527494,220,5,1.1,0.9
9128,1,50.56,8.7,0,0.19,0,1.042244,-2.676445,220,5,1.1,0.9
9130,1,245.51,9.17,0,24.25,0,1.049965,-30.721639,220,5,1.1,0.9
9131,1,0,0,0,6.62,0,1.051124,-24.097314,220,5,1.1,0.9
9137,2,0,0,0,0,0,1.049768,-26.378636,220,5,1.1,0.9
9140,2,0,0,0,0,0,1.049624,-5.232971,220,5,1.1,0.9
9150,2,0,0,0,0,0,1.037969,-13.200551,380,5,1.1,0.9
9155,1,0,0,0,5.01,0,1.02382,-20.860292,220,5,1.1,0.9
9158,1,54.96,9.42,0,5.92,0,1.025798,-14.56483,220,5,1.1,0.9
9164,1,7.71,2.4,0,6.93,0,1.001887,-19.403088,220,5,1.1,0.9
9173,1,66.07,15.6,0,5.57,0,1.032906,-20.202148,220,5,1.1,0.9
9174,2,0,0,0,0,0,1.03623,-32.377948,380,5,1.1,0.9
9176,1,0,0,0,1.28,0,1.047842,-12.93497,220,5,1.1,0.9
9180,2,0,0,0,0,0,1.061189,-8.603491,220,5,1.1,0.9
9181,1,2.43,1.35,0,0.1,0,1.032498,-9.466095,220,5,1.1,0.9
9185,1,66.97,18.6,0,18.5,0,1.051815,-6.62338,220,5,1.1,0.9
9189,1,62.57,-61,0,55.14,0,1.048019,-25.022568,220,5,1.1,0.9
9191,1,0,0,0,2.34,0,1.073685,-24.80852,220,5,1.1,0.9
9203,1,627.36,-73.13,0,27.185221,0,1.001613,-12.605605,380,5,1.1,0.9
9213,1,0,0,0,10.210952,0,1.023742,-4.653017,380,5,1.1,0.9
9217,1,0,0,0,6.33,0,1.040155,-8.875709,220,5,1.1,0.9
9222,1,-5.15,-2.04,0,154.446402,0,1.053345,-16.073005,380,5,1.1,0.9
9231,1,242.08,59.98,0,5.6,0,1.029833,-19.150137,220,5,1.1,0.9
9241,1,0,0,0,0.36,0,1.049081,-9.481609,220,5,1.1,0.9